fid,username,score,wallet,eligible,reason
"490811","theunsecretman","0.84","0xaf33d07073707befa504d9f9b3332cec1e4b7787","true","eligible"
"1408211","scofield13","0.05","0x67c940a79524e86a8a04afb688d6c9e18260f36d","false","score_below_min"
"1072532","rakib4675","0.49","0x450352c75fe1f0b4683203e499b9a5935b809949","false","score_below_min"
"331803","kaushik8627","0.31","0xf7942c3f2847958b2f4f1ca561d45a3546e6c957","false","score_below_min"
"296705","ivaan13","0.17","0xcd5dbd31d98a740215b2efc1007d17516591a17a","false","score_below_min"
"1089042","godmarika","0.17","0xb2568c9b6da565a8d4e1054d718cbcdc1bdeae03","false","score_below_min"
"1023924","dodo001","0.3","0xac318306fbc59c4ea6aaaf0ad1133568c7569596","false","score_below_min"
"1479756","rashida1187","0","0x01544046db5c869f17a6c81bede5162eef6d5a98","false","score_below_min"
"3337418","focaster","0.5","0x377adbc18642a85b1b94c8a77a5fbfbbf7a4fc52","false","score_below_min"
"357355","annie-45","0.71","0x557c9723c56cda06e20f9e6a97647fe770c04376","true","eligible"
"3336840","evens-kate","0.28","0x5df6b88e8731f95671c571e11ac124491d21439e","false","score_below_min"
"286043","jisan100","0.54","0xa5d10e242c2931d209eab0a5567f9fddf646c482","false","score_below_min"
"1059075","sugarz.eth","0.96","0x76bc75ef2f1f0f25e078641910d8e23a430204f5","true","eligible"
"352764","george-georgiou","0.58","0x151b583360959a1bf66149539a319bb5e4c291af","true","eligible"
"3323028","glenpowel","0.3","0xf42f439a1df71833fd4aaa911a8114b1343b4ad5","false","score_below_min"
"3334154","!3334154","0.18","0x32005bcd28e3e9837a90cdd09e08b8a02fe3c58a","false","score_below_min"
"316952","pointgmail09","0.8","0xff79569119cd9647c801e20b316ebf569b59c646","true","eligible"
"1529470","bigdannytracy","0.1","0x59b419b06adb83c34da5cff593b26185c4b4f3c0","false","score_below_min"
"1049492","gilbert007","0.32","0xa76a7ba5c190b90eaef0cb16077b758fd6f745c8","false","score_below_min"
"488054","philip9876","0.33","0xbaf0ce711b3947eecbf19f556ff0c0400c03cebc","false","score_below_min"
"1080504","surajit1999","0.28","0x2d1bc87e8d9ae30c655711f5d659485657f9efee","false","score_below_min"
"278989","bivash19","0.17","0xb8732071ee124deee82a2d64a6665b722769d51e","false","score_below_min"
"1450388","lucifercaretaker","0.66","0xa7b75869ad863d744a483020e46fc8ab8769f1cd","true","eligible"
"790695","mahin893","0.42","0xfac2dbaf615cb7eae6f623e2056536d2ec8c8dd4","false","score_below_min"
"3323269","shalisa28","0.26","0x631218b5fe15d3af89141c095f14e412d9f8c031","false","score_below_min"
"2637158","viniclaw","0.78","","false","no_verified_eth"
"3335450","traderlucky","0.28","0xf0c22fd5e1b8043b386157e57ad2d028b2a2f5c9","false","score_below_min"
"3208456","cryptolabfire","0.39","0x013a1290b7871a8dcc7758d71019957a0811aad3","false","score_below_min"
"1404786","wangseng93","0","0xb214772ae2c1f6f878de65bc153d37cd6c2e34b2","false","score_below_min"
"1046561","enyiflexwire1","0.33","0x74d7ac099ae015ef81ed54c7a5621f70013e79fe","false","score_below_min"
"1068178","ashrua","0.35","0x7af54ab1aefc02e8fb33923504060bbc08443fc6","false","score_below_min"
"3334513","hailthelight","0.43","0x4a264ee7b1900b8080f5028380355c35bde0a73f","false","score_below_min"
"937437","qatada","0.4","0xb4996f208d5bc10960e52a413016707d05fc6b4a","false","score_below_min"
"1004065","makachu","0.6","0x8a8d8601e8fbb0363150f32d26c389786a15b937","true","eligible"
"1121924","marufr523","0.44","0xd5c89eafe8430a1cd7dea3a92ec65ab5e2ad8b97","false","score_below_min"
"1109658","mizjboy","0.36","0xa031b5b2faff5c85ce426d0fd4d18e97295f4d62","false","score_below_min"
"1080288","banu2121","0.2","0x186553718fcfd87eecf85571b2f862cf3dc1456f","false","score_below_min"
"582860","mdabid2024","0.21","0x21a1eed1b7b658cb7bb085bca3ff867306f2f05f","false","score_below_min"
"3336042","gembhelelithe","0.19","0x9a6853fbc8e05b084edc365aff9c041894c5b664","false","score_below_min"
"3069227","v4sh-","0.42","0x24aa1979b20328869ffb688802ccfab952238c29","false","score_below_min"
"638551","miozz23","0.36","0x7af7d40805f894e9da3d6a307ac59dffe84d8a60","false","score_below_min"
"2112173","drqeth","0.55","0x4f12fe4b84dfa1dae93123b546537f3fc53e3498","false","score_below_min"
"1096779","joeyvee","0.11","0x0ca84e6963b69d9466a6740fcf06300b47e17fef","false","score_below_min"
"1412202","niyamul","0.3","0xd3a420c2b5619780aa3a001fda908aa8f61763a4","false","score_below_min"
"668831","morishita","0.34","0xbebb15904410d05fbf1fd98bd214c81d391f888e","false","score_below_min"
"1079922","presdency.eth","0.95","0x33ec776a05c832d51894cf3e70b29162717eade4","true","eligible"
"1134698","amiranamino","0.15","0x61a2913ecf67e6d89c4fbb1f99e6256d07d14181","false","score_below_min"
"1148280","onegreatguy","0.47","0xe62708cb962588b355e6e98d6180914585e22d43","false","score_below_min"
"277868","queenlizzy","0.15","0xbf7c9c4ece2c645ca15f8b961d82cc2414f3275b","false","score_below_min"
"762752","jurssh112","0.31","0x61741c01fb72bb7c5875e144a176ab75dc074248","false","score_below_min"
"532386","cryptocrood","0.19","0x34ed375bb775692854b66b65affa56b56cabccd8","false","score_below_min"
"293082","siraj12","0.25","0x6bd5e0511b60baefe7b35029973330dfb7d1913d","false","score_below_min"
"564269","davidme","0.23","0x30fefc07e4caa9270275ed1431c2d4860189aa88","false","score_below_min"
"3335558","blockflea","0.26","0x0c91b18a5f40a8c88500fcfaf513974a48926636","false","score_below_min"
"3335803","axiomorigins","0.6","0xf579d1c0fb54527cd4908acf3dc9177c8c63790b","true","eligible"
"3065736","los325","0.09","0x5b05a4bbf04d56ffe561e3e01683a9a143f8cbac","false","score_below_min"
"1109570","based-eth-ryan","0.6","0x8cb0216b9668728412af9e29f8a42e6407d77897","true","eligible"
"3335667","elizabeth038","0.55","0x52d064f39b3c95af5a2b9ca6676d875ffaa82861","false","score_below_min"
"452067","mahroo23","0.53","0x4c02ad197a9deb64b35c0284ccd61223394f1ef3","false","score_below_min"
"1443757","hope19090","0.51","0x8396df22f8b5f39032d8ad528389345616dd8c4e","false","score_below_min"
"1377758","ustazonchain","0.53","0x17ee5c5c22ca9ec8f3c26a36274dfd5641a530dc","false","score_below_min"
"1074234","thatfineboykp","0.64","0x70a8bcf7740744cb1b4b4e12f5b15bb0416a2f5e","true","eligible"
"1156216","voodoonemesi","0.85","0xbdf76322a02414c173705863c4bd568a0ad181fc","true","eligible"
"1146642","chainsawrara","0.85","0x0ab7ea889c5652eda909fb34b68880d5736eacab","true","eligible"
"2764533","blackreparation","0.13","0x56b797960e2148f261628a38dd39c78e056cc8a8","false","score_below_min"
"1158751","nothininterestin","0.53","0x9246550ed36ac2c01afaa216d2a807bb8b1780bc","false","score_below_min"
"3335517","gwwynne","0.28","0xab691e57920a64fe8d161bc267a4d6c94cc025db","false","score_below_min"
"3069329","indikin.eth","0.26","0x00cae97c9268bb2be48908cea0413ff0acc726e4","false","score_below_min"
"246060","yaroojaan","0.94","0x6f98983f93bc84159cd4f1cc3a44768c6ff257f7","true","eligible"
"395346","lambchop","1","0x4f96e16c10a0bcb004d5b9f5e6198d27dc74c711","true","eligible"
"1591564","cheryllynn","0.21","0x8bbb086094a6633870833fd7c939763e610162bc","false","score_below_min"
"2745","stevedv.eth","0.99","0x34db35639eafe2712ae1f69dfa298b06a5c25053","true","eligible"
"1002208","lordsatoby","0.9","0x669c56ce4f8f51061f3da3501f762a3f5d5f8ca5","true","eligible"
"17673","road","0.98","0x9b3269e698fbc329c18a723e5dddff8c51c5ac98","true","eligible"
"1035587","flanneldonut","0.95","0xc3441834dba2509afae2e1d63bf6caf873ffec71","true","eligible"
"263104","jinmori","0.3","0x753d256f76f0d4ac77e10d48027415aa92485807","false","score_below_min"
"1085585","vilvatikta","0.31","0xaa3e0215c0bff996dd034d5bb0d450902894321e","false","score_below_min"
"1433583","weeonchain","0.35","0x4f3a82a8e3579988fc59efea6e8db7db9225886f","false","score_below_min"
"3334975","heyminii","0.25","0xf40311f9b724213606ff97bcd97633d189070819","false","score_below_min"
"1061940","ehsan68bad","0.43","0xf93024091e567b98b264e80decabcad5e8dcdf87","false","score_below_min"
"1110131","dau","0.91","0x747996871acdf334d8454747291dc1c5c40feed5","true","eligible"
"248903","nobitaganteng","0.58","0x6d1d4d706a5f8b3d10974200ab29fc2462e0eb26","true","eligible"
"3334965","trichomedreams","0.22","0xaa1e8f07a023530d344ef4407ba0a8aa9be1f0c1","false","score_below_min"
"1456429","unizsawp","0.82","0x980559c5549b388a51dd77058e0181bd688ae7e6","true","eligible"
"1477344","cryptodiscovery.eth","0.82","0x76db16ebd0a31a8ca0db3209e0836422db02f48b","true","eligible"
"543139","imrankhanniazi","0.76","0xc8b69603d36cd8a1c4ffd0602975ac8699360b6f","true","eligible"
"392562","mahbub64","0.69","0x7e2e37bee91a068d669828d8a48a19e907a8ea46","true","eligible"
"428043","cna","0.96","0xe0215f79e1d1097e20cc06c776fcc0ef4f164239","true","eligible"
"485528","propoupan","0.52","0xcc0ebdf47f072279c785ea4c1d2b295d1c484610","false","score_below_min"
"18612","pcryptowoman","0.95","0x6c923f0771102cadf7ddcb84b9ad15bb6fd914c9","true","eligible"
"449014","ranatanveer02","0.77","0xf5d38fe24729f1129b209552b28a912d099524ae","true","eligible"
"299998","rexxorgcountry.base.eth","0.94","0x22a8b461e63252fe89a7f5c1c4fbcde87a7beea6","true","eligible"
"315508","rynn12","0.63","0x84b5aefd0e99a619400c02bdb4fb7eaa24d25ef0","true","eligible"
"924978","thisworld.base.eth","0.93","0x662cdbc2ea59de72118d80f6d4d198aad9978d48","true","eligible"
"1067062","findmeows.base.eth","0.8","0x8b0a7656dcb07a5f08be72b698229e150d62db1c","true","eligible"
"1135818","seril","0.75","0x1a7f41a4eccae9ee594ef001e7c61f636200dc81","true","eligible"
"1400606","roshanbro","0.55","0xca5cf2f45e153cfabc0c9a574c3f7e78389af62c","false","score_below_min"
"18634","afaringan","0.85","0x550ed25eeba1a57f59bc117856d63df149a71282","true","eligible"
"1443996","mojus","0.53","0xa931e813e708d8e2ce233abf3fddd7c8dad84373","false","score_below_min"
"257818","poor","0.57","0xd3c0e9ff628ce1fc0c7e598502c3c04502432d74","true","eligible"
"299067","dezoir","0.61","0xe32e9f668ff67c97d26f09790304ccdfb312f718","true","eligible"
"240781","hamzaameen","0.86","0x278d76c7eb269edc0a465b8014639260f63ac175","true","eligible"
"615647","legendsword.eth","0.95","0x8dbc89feeb8ad805407ff8593a94805b20ee1136","true","eligible"
"524572","rider09","0.77","0x102e1a60a174987cccc1c9821072fa8f3f91a345","true","eligible"
"235266","leave","0.79","0xeb27810654fe994078ae1c77df554269e808a74c","true","eligible"
"217605","sheikh","0.78","0xfd27347ee4eda8b2371135185aeb828c85d0c54e","true","eligible"
"1150100","mehdihasan","0.94","0x953edccd7d5d3683b64c9d240b5a7c470675e64d","true","eligible"
"396057","mannaushack","0.88","0x5872286f932e5b015ef74b2f9c8723022d1b5e1b","true","eligible"
"277059","azzam","0.79","0x409adbbef0d920dc05a90083f1388f2d2c0205d1","true","eligible"
"1404987","rakibb250","0.68","0x160283e04f10404178f429abb6d9547501b3f9f8","true","eligible"
"452857","wiiisaaa.eth","0.78","0x1d174652779f7ad79e3ef24b1583d2b6532b0988","true","eligible"
"250941","maswii","0.33","0xcdc0cddfc4afd93029df756efa2dee322cd78f71","false","score_below_min"
"1074591","0xbaboonk","0.19","0x35487b064ca9da11ae0e67f1c5d79715cf822df4","false","score_below_min"
"1456371","indicawolf","0.59","0xbf02c7ae5ff680d0303fbb19ba6d29b17b0df7e9","true","eligible"
"531874","therealcalebik","0.21","0xe43db87a644af2787500981642b6ce1342ac12b2","false","score_below_min"
"352478","chronor","0.48","0xb6b1fa832e713bfd8998197fb7e412965362f8f1","false","score_below_min"
"1052411","n3omi","0.53","0xbe559764cdb8d3f69f160268d9ea176eb138411b","false","score_below_min"
"1114874","efliardian","0.11","0x7f3fd21ae365d60c6d019085809ef7a9d6863252","false","score_below_min"
"416438","barbarasmith","0.37","0x31ae192264ce0cd61951fe0e1d53ad868cfd801e","false","score_below_min"
"389856","papahmuda94","0.5","0xc27990ba65bb05befe6c84fe210e702959bfd32b","false","score_below_min"
"731769","grhabib","0.55","0x436cc669813f721b2526e07766cc04ce180b54a1","false","score_below_min"
"16981","netman","0.79","0xdbe78dec8de11aa9b12c05996bdd1f6d0db39e3f","true","eligible"
"329384","ann15","0.52","0x579c7e178f116c7ad4388be6a143afdce300cbfc","false","score_below_min"
"255028","lumut","0.47","0x715a4bfe20b09a38d3aa37a6c110d154be0868ec","false","score_below_min"
"262438","ozkantr1903","0.74","0xa8bcbd3f5ef7aca3ae330b7650f1687ede956862","true","eligible"
"1310299","mahfudmx","0.32","0xae207258b8b5af1eeca85dcf16653d841277ebf9","false","score_below_min"
"258972","lemi","0.77","0xcc74aaaa3a5220a2b55a42d59be5e98f74391776","true","eligible"
"299894","alienware","0.59","0x86010b858966a44a70e5d0b8a0a20af31385e315","true","eligible"
"777268","chosenfestus","0.67","0x18573133247ad55028c9476efe51f151061e9a67","true","eligible"
"1144980","mailmarzuki","0.4","0x863ca3edb20d4769cd7a35e66918f313e40633a5","false","score_below_min"
"1390332","tradingzone.base.eth","0.86","0x21673ff674aa6cb7dbd30cd0e657ac8426e82965","true","eligible"
"514860","srcklc","0.93","0x827e382cf76844b42c570ef7a3b20afbcb18ca05","true","eligible"
"1015936","zaxck","0.55","0x098a08424fb723ac39dbe00ec4f0f6291967a448","false","score_below_min"
"447623","04sveta04","0.69","0x741ed5abf3872b500e4bfe90149bfeaa46c33476","true","eligible"
"193425","lammz","0.56","0x8841c206aecf0018c68ea25fec8522d7fd2a97fc","true","eligible"
"410296","green911","0.62","0xf28455fcc8dac56584c707c9726301b502d4abdb","true","eligible"
"579748","tonmoy0","0.44","0x66b6152785208fdcf020411dc292e02adb8b84b4","false","score_below_min"
"339166","chideraorji","0.83","0xf2ee4853e9bf7031c81643d5c5c05c2c37b388c8","true","eligible"
"394081","amirhz","0.87","0x765b164b32c295af2eec1d94a84871668a4ffe9f","true","eligible"
"345765","adexmakai.eth","0.94","0xe20d0d6b62d6bd2a536d21654f682f28f78f8f66","true","eligible"
"892889","hazelramon","0.75","0xd96a94dd7c89a498cbb60f2803730293f41c40d3","true","eligible"
"533329","ayeshawaqas","0.79","0xe1dcb3cd01168db52f29172388fb5a41a7c32288","true","eligible"
"892902","liadavid","0.89","0xb518bbf70f4fbb51420c6766e237b70758ef331b","true","eligible"
"940217","futurepicker","0.57","0x0e6d70a309532f175ca27bad144799ec1d5b702a","true","eligible"
"519322","hircani200","0.84","0x76b530845eeabe52d256535313fc01c64017e998","true","eligible"
"434449","warpcast-com","0.93","0x3dbd0ffbaaafadd11f0b0190b6830b00f8071b60","true","eligible"
"459278","nikootine","0.96","0x717a9688b3b20767ef12a1ce4be73eb3e091c3c4","true","eligible"
"250022","abdel19","0.69","0xf3339936cb5d16ef6ec5df4f825820011e4bb741","true","eligible"
"385507","miloos","0.83","0xecb508afde31af7c4402c40a5024e7323dc86f77","true","eligible"
"1067981","olbajol","0.56","0x6a377d9bfd0e16d34954b46de353bedf601a8895","true","eligible"
"335328","siricann","0.55","0x7aec98f92a96146f8e80b8eb4e067e4c919a1f61","false","score_below_min"
"428560","putper","0.64","0x50327073f1dc4313879787caa82e30b06e40972d","true","eligible"
"388622","mona67","0.73","0x1f37067741620ede5dd87964fe9e7e2cef4a180f","true","eligible"
"431068","ana1378","0.93","0x460bd1ace0d2e3b846f1d7f7f95446dbd793c24a","true","eligible"
"490963","scorpion6","0.72","0x4f8d9db539d1fbcb43aad915f10fafd46c7a9591","true","eligible"
"242095","nostoryboss","0.77","0x52f02ece9967df166aa9553fbad0140bb2f49bc3","true","eligible"
"293662","krn","0.93","0x9fddd2024553edd19a43964b6e37d369f70089c3","true","eligible"
"988167","kyloo.eth","0.97","0x505dc6685bd1666a11ba664bc6788d56b19e3256","true","eligible"
"548063","zeebabe","0.73","0x0ee15f3123555c186d2270b98012ee1bb2d94088","true","eligible"
"921932","p1vscpu","0.71","0x61a2266d8d0e90209b4ef57786185fecd3fd4261","true","eligible"
"1065495","kamal78","0.74","0x27e42a5aa7de19e00c02cbeeff38ff71f6ce2f32","true","eligible"
"521994","develi","0.7","0x94520b0228d764df1b9787f921d959a0e6742ce2","true","eligible"
"1463705","kliktautanini","0.41","0x3a63dd47de8d6cd91b3b81f0780cf44e1e3dc3e2","false","score_below_min"
"607731","turabkhan","0.97","0x56bfb4811f56bbc8bc92d588559f07f625b84168","true","eligible"
"990929","zayron","0.79","0x04363bc17667727484fb5369b97ba56c07229b20","true","eligible"
"1125965","yusuf6253","0.73","0x805d49945d0e0686d9ad32d6c5466747796b8e96","true","eligible"
"376360","alisa77","0.73","0x6b2e6f5861496474023d6570a0c49c99a7b4bb64","true","eligible"
"1404714","wdani3231","0.31","0x1b32ca10fbaa64a5bb00ed79e317873c007a2bd3","false","score_below_min"
"514036","subhanahmad","0.72","0xa69b565ad1d4a11dc1bd8997645c77f1f70a3a22","true","eligible"
"1025388","vipulpapriwal","0.83","0x8649d3dec31d9be9ccc9b8ef742ebb9add8642ac","true","eligible"
"310405","nfc","0.83","0x3a10befba177bb2febd504d9ef52c3f9f87d92c8","true","eligible"
"1856253","eddieamin","0.73","0x49f05d9f1d117184d57fad7976437ed22e8f1456","true","eligible"
"519325","cryptoglory","0.96","0xb6f032e8cc3e8dc899597dfbd61d067ce486c36d","true","eligible"
"932313","bigeasy31313","0.43","0x1ced89259bad77655eb1e56f3012939f2d146f79","false","score_below_min"
"252884","primitivee","0.88","0x92257167080db4a4fdfc7c7cad7015c80b584f75","true","eligible"
"213559","mustang","0.99","0x4cf6e70a9918ad86899c2c902312eb761a1e7776","true","eligible"
"392332","yass1221","0.74","0x815662e966ef405023b1b8cdfa1c7e9ecd3c84e8","true","eligible"
"500861","amaliee.eth","0.97","0x5dc8bbcb1ddb0dec2274707546761b22fdbbf93d","true","eligible"
"477604","vonenzo","0.8","0x6195088f4aaae1f8c0a03fe0cd18bb84a57aa11b","true","eligible"
"255189","0xhmm","0.74","0x243a17374400ce162ba0076ac39410f9de550457","true","eligible"
"3322464","harryohh","0.22","0x13748ca1a8f9cab608e95078dee500f43ae30092","false","score_below_min"
"261023","yans01","0.6","0x17be5fca82cb0fff5add38c97bb71534d1cb03d5","true","eligible"
"458143","ikimehar","0.56","0x85af8beb08216d0727b87066b10e32af079e5ac5","true","eligible"
"439489","xingping","0.64","0x9eed5937f2dcdd846229c9eec6ce290cb99acee7","true","eligible"
"255122","onlymoms","0.92","0x73d3a571a5cdff6b6d8b6c5421f7c9812dbad4a3","true","eligible"
"440212","mobeen02","0.74","0xb2469a35264d6e4e772768896cad96d237c30945","true","eligible"
"948872","husk","0.91","0x8dc1426fa34dc5aa3cb1e3f2e6b980c7215f83d5","true","eligible"
"250061","web3degen","0.58","0xf70977a1521f673d563899da50aba798d2a0f111","true","eligible"
"299216","ogechi","0.71","0x3d6b2cec224643267b2e4f8f81bb0b18f62f3c1e","true","eligible"
"484150","monada","0.91","0x68dd9ce71496777d0aae90c216696b7bb0c34d0a","true","eligible"
"429958","faheemmalik","0.49","0xbe8e727af3ac81e56cb436d9f47a05801e4fb6f8","false","score_below_min"
"535151","romz","0.62","0x41dfeed190d5c5afccafadb009d2f864e6b7a9af","true","eligible"
"345377","basevip","0.92","0x2015db0380c2b754bfbe722ad76ca58dd6bc8a52","true","eligible"
"350575","rimonnr","0.63","0x4803fe376b4c6fe651e3f04e99a560e704805f79","true","eligible"
"439425","farwabatool","0.63","0x1c680f3a8e7a80ca76c8490e3f44dc3475f753e9","true","eligible"
"254929","islamic","0.63","0x8895dafbce656ac789f5a63df59d40331a4278c5","true","eligible"
"2831266","eagle-pi","0.26","0x872bd846596cc1aede8fd800997d242e3473fa83","false","score_below_min"
"905676","kissableviv","0.6","0x7b6eb7d53b4438ca9fc2a042dc46cf60be3aaf9a","true","eligible"
"530826","ziah","0.59","0x38b27671a908960fcd16358d4ddb9f86f688a36a","true","eligible"
"946827","tanazolam","0.83","0xba397faae1d5fe10c0356f2e585bef34577ab111","true","eligible"
"1076010","kamal98","0.9","0xbfaf9cda52f8f9b3d3b2eb2ef7cc931ba078d688","true","eligible"
"534280","anitarohima","0.69","0x76b429c6ddc43578775183d5962317b059965827","true","eligible"
"1084807","kcrypto","0.83","0x2d6b97297af0835d0f8cf32b2567e46165b396cf","true","eligible"
"3333842","ayyyelll","0.18","0x3238ed0e4e5db66773b722373561077d1fca3d69","false","score_below_min"
"768687","hodler904","0.27","0x65f3538ae882d4ee38c6d6fff141d8758a028688","false","score_below_min"
"3333908","payrequest","0.37","0x400c249b3f9093b6f5829e28a59a246bfb9f90e7","false","score_below_min"
"17491","jagdeesh","0.5","0xbdbdcccaa005db964479d70c2dbc0e6e13d96578","false","score_below_min"
"3332867","spicyalien","0.24","0x365182e836e60961fde679e5aaabe77ba4972b7d","false","score_below_min"
"433516","saifal","0.26","0xeb65a1c63b04a4e760968c097011f6cc9adc457c","false","score_below_min"
"3326755","jessica-rose","0.18","0x5f7565bd4ae79196346f5165bd8e65636b7a266a","false","score_below_min"
"252549","iiccii","0.97","0xa656970460a8911d1758c6be19367bb4a032f061","true","eligible"
"1344111","ahanhasansiam","0.34","0x56b5ce619ebacd69ce9f0c558539992ed7bebf54","false","score_below_min"
"407288","elmengin","0.84","0x5f42f7b655b5e24c2b677e60598594ee0598a2ef","true","eligible"
"3333182","!3333182","0.42","0x890bfe3b5d3a1b09e3931f92a2e7de5c477cf874","false","score_below_min"
"3333029","marvinsmia","0.38","0x1649c87d7c5effda132e3fa4f0f07ff156546096","false","score_below_min"
"379428","imanparisay","0.79","0x02e3e4d16ceb291a00f2d66f84e426ec4bc0f9ea","true","eligible"
"473807","star99","0.58","0xd7de59486e5012c68eb099233c32b87d7253c1d1","true","eligible"
"742909","ahlulritel22","0.14","0x9e58364376d2cead096dd3464cb434e99b47d2f9","false","score_below_min"
"1104823","obox","0.16","0x737722db5d96ead3030585231c1baf792569977d","false","score_below_min"
"631744","hasnatdango","0.36","0x671de7a7b10536ba3ad184bc4e385272d061c85b","false","score_below_min"
"1412850","zoop001","0.21","0x77057a333ce8d6dd0af822d3b3273e82db408dcb","false","score_below_min"
"3332900","yepes1738","0.42","0x147699d90c98fc9f611fd616ebd6c7bdf6e056ac","false","score_below_min"
"3330457","jennifer91","0.09","0xec4b42a7f1465e5237a6a78c27609f2960f00f3a","false","score_below_min"
"3333065","sevdam","0.47","0xaf092a3f515bb312affee6e71cd788f853b97d8c","false","score_below_min"
"298503","vinito","0.98","0xd275fa8933c6994e51a3337b65237800f4ba54c1","true","eligible"
"1022682","ravikant360","0.19","0xd7cdedb029fbbeb22b234382be948310715d3d80","false","score_below_min"
"368499","javihurr","0.36","0xc7fe5a17cbf0337d4dea4e02b4e9863a0138d580","false","score_below_min"
"3327031","karenporteousx","0.46","0x5bb9999cf15808ae4fa7e58cca67722c5ec20da9","false","score_below_min"
"3319169","saboluffy","0.77","0x101139b515836f1a12faefc2259ede472302536e","true","eligible"
"268958","ukaritakino","0.57","0x92e933b29987fe10c8a7833192da7a9d6e40356d","true","eligible"
"1080963","cyber23","0.16","0xc89b7ac227e912e6c98e877043d72c4ee23cfb01","false","score_below_min"
"268438","cashlessman.eth","0.98","0x21808ee320edf64c019a6bb0f7e4bfb3d62f06ec","true","eligible"
"462627","artsabide","0.9","0xad72f28fbd5b37863d5dd5103f058089be3940e4","true","eligible"
"316323","smshakil","0.94","0x46f25ac4dd7612e77374f9902187d59de454bc33","true","eligible"
"217261","duckfacts.eth","0.98","0x98bb6321aa10562ba458e9e449485a9d93520263","true","eligible"
"1024129","jimmy808","0.41","0x3d04fb1494cf1ad10db473665a858bffb999c47b","false","score_below_min"
"3330302","wavedash","0.41","0x3bf42fee142304e7b2a4bab2090ad34342313e22","false","score_below_min"
"200506","stemo.eth","0.95","0x46e9beef5dc68dff095eca56dadf90247f1af7ef","true","eligible"
"1558498","hasked1981","0.43","0x6fddaee5c6e0fe6d4f64b17c369ec0138a76b3ac","false","score_below_min"
"1137217","abdwnltf","0.39","0x39137e4e0fea5dcd496f5cbacc1979d5495c3426","false","score_below_min"
"1052964","geesmike","0.9","0x4123282cf01ff00d31ce2834863dd266a2fe6806","true","eligible"
"3331847","yanksbaba","0.41","0xf14df4137d832baefbd09a6b29eadd4b9bb2d34b","false","score_below_min"
"1368232","tomas55","0.34","0xb760d85d43f679c2c3ab0816246d079869dd7537","false","score_below_min"
"2239466","oliviaoliver","0.07","0xe1fd205152613dbaefce68006aa96fb100417f74","false","score_below_min"
"210376","skippywalks","0.89","0x3f8085b030b2178d5d5bae587ef39981b02da836","true","eligible"
"2231671","marklawrence","0.55","0x2e5a34668d2ba533e58d7b4e26a36735e2af9163","false","score_below_min"
"3329104","contemplators","0.35","0xf56b8f0ea86e5991be2d34098f484cd7e575331f","false","score_below_min"
"3327967","clubwallen","0.35","0x158911a341b688e9cca36953d81866c4bb7d2b39","false","score_below_min"
"235280","luckygem","0.53","0xd77377d71ef1bf732696fffa35517fb7990e99fa","false","score_below_min"
"229868","sniperwolf","0.54","0xf4180dfdc39404c549b871226be8e6a43f24f6f8","false","score_below_min"
"235304","xoxox","0.55","0x0010b70d4987d0d2a410c7df7df8460b3136219e","false","score_below_min"
"244160","77077","0.55","0xf9255132d1e19673a172c65a4ccdf9f5b314c108","false","score_below_min"
"261286","nightgrind","0.55","0x90037ff51610d6be3b91a253066a95f413eb06c7","false","score_below_min"
"272304","e-lon","0.56","0xcf0b0dae20183aecd2cd8a8c220cbb7a39060c2e","true","eligible"
"267941","jolyeth","0.63","0x1569abd317901a3c582e81e141731b40e55a05fe","true","eligible"
"267598","baselove","0.69","0x34995dc71b7f0134deba51c8688f07f58b20933b","true","eligible"
"237056","botakel.base.eth","0.82","0xcee2244b58af2c8ddca97a4aed0b819c5fcb6910","true","eligible"
"2324169","papaburlon","0.17","0x72053ce621c3f56133530cdf91a9461c2f9d8fab","false","score_below_min"
"306358","sammydoe","0.93","0xfbe4b0f8d68d7dd11e29c663c1241465701b9ea3","true","eligible"
"805407","f1ssure12","0.01","0x701b7442115d03a80d3b7c2ec7e9b9fb7fbdbad1","false","score_below_min"
"3211714","nufman","0.48","0x96c066e30e12976e6f89a87fe885d0c136e15c1e","false","score_below_min"
"520364","earnwithalee","0.53","0xf78c2b56c8b3745df374bdd4c98dacc8ec218af6","false","score_below_min"
"389352","cryptoolga","0.76","0x12cce5d76cc9dbd7e8dd1991b0beba2809073f23","true","eligible"
"956832","mara01","0.94","0x8770600a4a436f275458d116d92009d831092b6c","true","eligible"
"397621","farhan99","0.32","0x9b0fe53f9506bf1b98193622570a1e236d3e20e7","false","score_below_min"
"1110822","kevinlong","0.29","0x768eeb327a524fe645eb0eb7b32dabf0f2b2bcfb","false","score_below_min"
"260396","cuanmx.base.eth","0.69","0x37bc769c78cdaa3d04d67f874107d64fc6c20276","true","eligible"
"235187","sajibdeb.eth","0.9","0xf405c5428b463e4d1e1722fea7a0dd605efface0","true","eligible"
"804128","k0sm0s12","0","0x90356cee480876fe90032cfb5640dc569b213a48","false","score_below_min"
"805189","phant0m42","0","0xaa9d306c9e7cf7137727da47b2994af8dfe0d1a4","false","score_below_min"
"294149","vitot212","0.69","0x9f29acb8108be9b6f79bad958854dee46abb5633","true","eligible"
"237733","esc","0.64","0x012278ef02773768ae01d3ba85b3d4870c35c119","true","eligible"
"1064286","frlicity","0.41","0x64301d792b38110522457ecda9cd2d011fb28270","false","score_below_min"
"506958","ikaaa","0.77","0x53d0b1f17318a3ad973d9e77b9d5dd980cdbe42b","true","eligible"
"807329","p1nacle11","0","0x327cc01922c805d51c96df171523cd3d9ba802ce","false","score_below_min"
"803816","d1men5ion","0","0x13dbf47d59cef500837e79401ee9dbde668afef1","false","score_below_min"
"1073074","kakamaldini22","0.55","0x6ccf5d3b2e1d39b26883f25b1d63b959466a63ca","false","score_below_min"
"972506","romo7","0.88","0xa4ce961997f2bc25ff364cf25ca407e4fd159ddf","true","eligible"
"881589","donzoq","0.38","0xc3c4ca24a4c3df987a156befa27dfa829ca5165e","false","score_below_min"
"1477142","ghostmintops","0.73","0x7d79e902482469da64977d2b0977120c77029593","true","eligible"
"3324503","bonaz","0.25","0x9d52ed54a09e57c03bcb2630e964779652bf0da5","false","score_below_min"
"948795","cloudweb3","0.84","0x2805ecc9bcd0279ca88a74e29d13999247a2dcd1","true","eligible"
"3331120","tonicollette","0.48","0x3188f56f92959843c5ddb6c55ce1a569a0882713","false","score_below_min"
"804166","bl1zzard16","0","0x950004b94cf95aee5e90083c98f3efc8b7088889","false","score_below_min"
"1074424","adex05","0.65","0xfadb8e76269867b774010db0310145bf4de0cd8a","true","eligible"
"287921","cahya68","0.59","0x150e9f3dff8817a7973a34ed8a20f9bb91376eee","true","eligible"
"3328118","dipusaha","0.17","0x38ccbece619ac2c69bdd590b9ddabebdd66b682b","false","score_below_min"
"214825","bulem69","0.82","0xc55d437df9bcaa2988004f0556f99a75525bfacd","true","eligible"
"327679","emudin","0.57","0xd15c7c28c4cf6fdfe0cd8c9846b4903416a4a52d","true","eligible"
"1183131","calvorith","0.83","0xddb6eb433ae2828f739b5577da9834fb61f74797","true","eligible"
"3325683","smokeless","0.24","0x49fe3f322dad9a233b42606deed41a2ad9574640","false","score_below_min"
"357897","bizarrebeast","1","0x93db1b0ad7365ebab85f3ed98b055af579a589c2","true","eligible"
"479003","mrbiswas","0.86","0xa7ba61c29616e0ceeda033313fec9ef8a3423ad8","true","eligible"
"1041806","jerrybond","0.18","0x00a4b5051dc6d6ecfe69993e78b8cd1db6e509fe","false","score_below_min"
"845873","cancicorn","0.25","0xe111b143579ba46b3a4c5cf35cd1e44bc3208588","false","score_below_min"
"3327858","morris-hassas","0.35","0x1c63d2f7de21610e589e5774d4bccc1b93987aea","false","score_below_min"
"3329044","padukaripan","0.17","0x008e0e5c0806e6f4797a7b749c0c2ac36280a38b","false","score_below_min"
"3324795","yapz619","0.21","0x203df6453cfe21d85a35e07ac622a48f44e0d4b6","false","score_below_min"
"1385857","kamikhan","0.37","0x9112b82c6f6a645f460788f3422e6d7555e9b128","false","score_below_min"
"997694","raprapghost2","0.78","0x540c91ee263f5422ca94ba18979e12c767f827be","true","eligible"
"1474631","gujian","0.22","0x1e372441f84c7698c7ca6ce842dc646ff43c38db","false","score_below_min"
"3330155","agelajav","0.43","0x3adad44549b00da644caa9fabc7861aa9250a6e4","false","score_below_min"
"890384","cakpent","0.47","0xa0260e1dd66cd30ed5be9aa676d7699af25747d2","false","score_below_min"
"332281","casterchain.eth","0.78","0xd38fc058788ef5451c1050f79e8f237f33bcb1c7","true","eligible"
"284991","ranggapuraji","0.97","0xc627fd4bec977b2845057e64153bbdbc88ef9333","true","eligible"
"3323012","suspectoi","0.45","0xb7dd303ca94f02e44e4899056e4cb5e018645bec","false","score_below_min"
"256858","elonmusic","0.9","0x30ecfc0af2c322e475ee0a2be8f21fff2721b3f1","true","eligible"
"2297685","rollgruen","0.32","0xabd3537d0bce00a58f9784fcbe33ebea5606b0c0","false","score_below_min"
"1023760","jhibrahim","0.83","0x1c5f5c86233227844eef0b477af9fddfd80336f4","true","eligible"
"437772","cutie01","0.17","0xf6707f3357cdd3256149adc23bb6d7d6cf2fc34c","false","score_below_min"
"1405229","xxxxmiah00xx","0.2","0x41b08d0f2afba024d431b6e09610b569e4fac2d0","false","score_below_min"
"1454294","xsid","0.31","0x60839d6f06bd420e7b9356da13559351f9567f5c","false","score_below_min"
"1098676","leesaw","0.53","0x37d48de302ef57db9518dcee733669ef165bdbc8","false","score_below_min"
"1045191","anisbishws","0.54","0x473b5c4ed04d45f28e9a312317f46b9b60014883","false","score_below_min"
"1366206","rosealpha","0.22","0xafa08621c4dd2f7403c59395af50ca66b2a9bc0f","false","score_below_min"
"306438","komol0","0.85","0xc4ce9988708f1f447609b38560e8afcb540b5f56","true","eligible"
"1398342","res123","0.26","0xb06d4c6ad56d7af0b6fcac0015dc663895c35e6e","false","score_below_min"
"876919","prabu-sg","0.29","0xd23a4db9784417da70515f22e0b64656a453be8d","false","score_below_min"
"891235","onrvrl","0.21","0x0fdc866caf199f995d12758ed5da42e0b27948e7","false","score_below_min"
"614449","barryweb3","0.41","0x9437713e00ec5e914eac3959c35acc37bf9175a8","false","score_below_min"
"3323833","!3323833","0.1","0x0ca2074af126aeb72b376c020310991479b87f7d","false","score_below_min"
"989598","reality001","0.06","0x2f5ca27f574dcd385773681930c59831258e15fc","false","score_below_min"
"926607","kingarta","0.21","0x81d6163ca773e3f424b110fd714f694fb0c67064","false","score_below_min"
"883074","foisal1","0.99","0xcc70907269738db8581fe7d28589d465ff62a4af","true","eligible"
"308284","tushar12","0.94","0x99a8dc4b9c217eb7dd7cee34519435984160b6c2","true","eligible"
"3329412","!3329412","0.19","0x7348d7f8279d54d69d2f3be4f7e7f1a4d83b4c80","false","score_below_min"
"1145169","thasoundjunkie","0.35","0x11eaac517353230444ebf2085d26cdfd35ac7075","false","score_below_min"
"3328918","jason-mom","0.3","0xc0e825681046b9825669d4f75f9f44550e05f83a","false","score_below_min"
"1415525","annnz","0.32","0x8d52b91778ebd2a9281a565dd8a7036577e83de6","false","score_below_min"
"202051","r0za","0.82","0xf251912bf3a6fadb3cdab8ecd96e5e0a21beedd3","true","eligible"
"1080343","sirchidex","0.79","0x6a9a0cedc0e9cfc6d99af631aa78090b9a57e273","true","eligible"
"3329040","ankitasharma","0.11","0xc9bea50d8910ddcb7078b9679bfc290c5ac92193","false","score_below_min"
"7366","lskcr","0.5","0xc2c036e5d1bb10597b5ee0bfaed920d19883f66d","false","score_below_min"
"483462","janicka","1","0x3ae5d538f2e3bba7949e9bfb46ff664a0e68fc06","true","eligible"
"393375","daysynsz","0.41","0x1e29b3f2b34e02ae52dc0815ab2e924f7f447397","false","score_below_min"
"315490","sajibdev00","0.58","0x6a1dfbadf6d1b4691489dbbe2b90c537f10dc393","true","eligible"
"1114438","chosen11","0.71","0x92c7d39203533d5ab587a555b2b0fee524befedb","true","eligible"
"322040","kazi3298","0.58","0xa158aeeed86e67479af55affe132859fa332b837","true","eligible"
"1094697","sarnaislam","0.23","0x379dd90b7462225da8c9a6853fa1ec3533a2cf23","false","score_below_min"
"1062172","apuarni","0.49","0x9e94d3605ca8e2dc8c9138d21ffc7691497138ab","false","score_below_min"
"214598","thugkitten.eth","0.91","0x7a698336902a0f71ef7d0575ede9f0b904acbf5f","true","eligible"
"257789","hans046","0.45","0x23390526be7a7db0f91869f0aba2de39924a7d2e","false","score_below_min"
"227554","oce3n","0.87","0xbe3c2967098cb72ba828a52540a120c2cd1c5248","true","eligible"
"1396038","izehi","0.51","0x0ed4ebb66b84bfeba22f075fbed56c4f78c6c456","false","score_below_min"
"406233","k0j1","0.82","0x9eb566cc59e3e9d42209dd2d832740a6a74f5f23","true","eligible"
"4027","awkquarian","1","0x3a2fac2ab3cf4bc342910eac744cc68c8b9a69bf","true","eligible"
"262075","cay","0.55","0xd93d82bc7020f44c95ce9967cf2c360d5e2b6cf3","false","score_below_min"
"14974","900","0.9","0xdef3156f55d7e958f5170f13f34113e01a26e083","true","eligible"
"1336013","asif1x","0.3","0x763777a644154468a6b4b3011c22f6a87cc50cb4","false","score_below_min"
"1346306","rana3289","0.21","0x11e10c39ce097a51967f4f22d325d9b01581a69a","false","score_below_min"
"1053989","emmack","0.44","0xfd1247fa2152e979948d4b4d1ed21b61466c4175","false","score_below_min"
"3320073","satoshi78","0.17","0xa9396e3fd5e18a09b285c6708f68444ecbcfcfa3","false","score_below_min"
"14451","37","0.82","0xf68b52fba3a59c18d7a1383798bf3f1a767f5111","true","eligible"
"1335973","nothing2","0.49","0xe1277322218664f39bcb3c36015f4751417e58c0","false","score_below_min"
"1117407","asif0608","0.65","0x3fd4d41b984086b42bd57fcf51aeed3c6bd3ec52","true","eligible"
"807156","t1mber13","0","0xbcd3d31ce646373f8bb901682390cd91745dcce8","false","score_below_min"
"254459","vanbazz","0.53","0x65b484be8d3f4b650b527973cccdbd3e909379bb","false","score_below_min"
"988485","okeaniderya.eth","0.96","0xdfe5264ee30c257f350c52da3fac8b250ff7b1e2","true","eligible"
"332744","sahriyar45","0.5","0xafdfea71cf01430242a6d7f1ebb0d83f840847bd","false","score_below_min"
"1358079","jeffqueiroz","0.18","0xcfc380640498a25f561f96e752d2a3c0df7ab8f0","false","score_below_min"
"260573","synt","0.31","0x738a8a220cf64f3ef5aa410ed8a47f83a896cf07","false","score_below_min"
"514419","stalinium","0.49","0x62898295d6f7312245bfa4c1302eae485ca678d1","false","score_below_min"
"1057806","kasabiann","0.94","0x6db58604b7e2bedaa986fed40bfda289392c3304","true","eligible"
"200635","jmanva75","0.58","0xd6976e5c2954184e2ed24eae783d51659b198869","true","eligible"
"1520802","yogisquals","0.16","0xdbce04fec441c9e93cda176abe7769c37d66e8ef","false","score_below_min"
"3328096","amiraaldahab52","0.35","0x6073971a2eeadf284759905ee4475a606641acd2","false","score_below_min"
"1085971","retrojoystick","0.98","0x6e59ac54501eeabff94d022e08e9e8b44e953a21","true","eligible"
"328875","0xcemycon","0.8","0x2cbd423af8e64863a617d27e691b4f6fb59db220","true","eligible"
"1385353","norman-bates","0.23","0x520de54eb7e4f6c8d7eb9d6052919088c20a8289","false","score_below_min"
"918783","darkonee420","0.92","0xfb30c98f33427c07854382f5b3f499a3b1e871de","true","eligible"
"1069438","sna4an287","0.08","0x0616ada9b7e762b320a2dfa10293e2c9f38fdd13","false","score_below_min"
"1073343","ledgervibes","0.19","0x6f4257d230bdf1cd1827ffa19d24a0f753063900","false","score_below_min"
"930163","thiagoalmeda","0.44","0xd67a4c0c6153776b388582fd282dc2f67607421d","false","score_below_min"
"1387062","uzzal2004k","0.15","0xdbb038ec0eb207a0fc328b43a7a8beb11008657a","false","score_below_min"
"338060","aleekhoso","0.72","0xa6604025d6e1b29bf2fd46105f072140d6582855","true","eligible"
"1192389","jdferguson.base.eth","0.96","0x72ab0555f83df7d5124b6bd0abcd94cec46023f6","true","eligible"
"548049","babareazam","0.61","0x21d2b12007e150bded895c4131a98b92399a5b57","true","eligible"
"301276","tahiyangan","0.94","0x4d1d419f4eebe9f1825c051de4bf8548cbe35ba5","true","eligible"
"1406244","zsugaa91","0.35","0xfb512717f62408089b42ac07430779de1f703eea","false","score_below_min"
"538697","artdante","0.72","0x8ced244d275c08ac77f6cf2d7c40db648903428a","true","eligible"
"1070127","rukroy","0.16","0x7a8cfa1034a28c6d175d43ebb509c118eb9989c8","false","score_below_min"
"514068","mohsinhonyr","0.59","0x2bd6cc370dcee9dae63c7f6c765025a55726891e","true","eligible"
"527166","tafaduke","0.66","0xd7ff4da61540e6e869c26e21d80a8c5c610ddc1a","true","eligible"
"1565276","roha","0.46","0xca8aa3a1dfba2e05d2a102aef63fc670b747aad3","false","score_below_min"
"248222","anonymouse69","0.79","0x609f63f0e1995a150e8ed33d4c6b29893a28e52c","true","eligible"
"803821","pr0t0n12","0","0xaceb50b5494eb479133816836d26caa79881f724","false","score_below_min"
"1365699","ayalinh","0.24","0xa34e319493ba86ca1bd039f0abd9ab587517e0f5","false","score_below_min"
"935014","mehrabali","0.4","0xf622a3ace08c31dbf2e81a57882af0512f0d4d5d","false","score_below_min"
"866305","shanta1446","0.92","0xe4f0381002bc0c85de314b4087fe36e73afce759","true","eligible"
"777884","joy1444.base.eth","0.71","0x00f44a125a98451b51490d0482dc72db7888a8d4","true","eligible"
"1366702","afifarios","0.19","0xa01025bc9a191dd6c79e29e58c86d58981386544","false","score_below_min"
"1502913","dinaandryani","0.29","0xbf2a784c8ea2daa204b3c01277b8c06c225f5802","false","score_below_min"
"273453","oneplus","0.67","0x1e1e9ff27e50097d36e3c23ff469d2814b8e2992","true","eligible"
"415921","ericyad","0.55","0x530826799123028143f9e435f0fee5345cd29453","false","score_below_min"
"337833","yours","0.55","0xcd493e55f06d635111c545efefb2f0d7ab855c83","false","score_below_min"
"267044","rubyx","0.55","0x57b0748d3d6a1e4bad8c9986d5863a48a45adfbc","false","score_below_min"
"266624","kira-eth","0.56","0xdeb3bdddf0410ceda012eb760a533fb682471f7f","true","eligible"
"235335","0xbatman","0.69","0x5194eee482f45c8bfbf6fd35613839765ddadf64","true","eligible"
"243644","ben007","0.56","0xfc52cf7245e9a88c676c813926194a07ea4e599f","true","eligible"
"640255","yug24","0.37","0x232f6e588a26f311c33cf5ce1e39bafca34e4cd4","false","score_below_min"
"3209803","clinton111","0.44","0xc7c2448a8ec3c4c9b8162191c35d3ca043da6788","false","score_below_min"
"441391","arulmrx2","0.38","0x4473ac19c5c54381497de92d4616f1c798b2c8eb","false","score_below_min"
"3317373","funky-runky2","0.27","0x1b2bb04f2df20b331006d9c01e9b5c2040961178","false","score_below_min"
"316734","ems911","0.7","0x2f9ea193a21b446f62264a8f0c354c293447507f","true","eligible"
"325473","shajib17","0.77","0xb3d567163a5bb03661a2388340181a3b05cc7a37","true","eligible"
"14854","lesotho","0.42","0xf2d6c9a55f024e7d9f33ac8d6092c4b78e1c5972","false","score_below_min"
"284986","dongtahds","0.64","0x0f393b52e339ad658b8f3f266a15bbad136fb21c","true","eligible"
"998662","yellowfedora","0.24","0x40eb1b8c4b60b9923f4a5dfd2ae54a289afb834a","false","score_below_min"
"1025242","fearless04","0.66","0x21857dcc7025d2786577d7bac147277cc46173cc","true","eligible"
"279528","fahim12","0.96","0xf24ced7797b59fde018d022ef3a82b18547c5993","true","eligible"
"447746","nida","0.9","0x0cebe171852201584ce3e490c323a81273a57c33","true","eligible"
"463703","banger01","0.8","0x7122212368b5293a20dd45a53ce6610fa48c2603","true","eligible"
"1354703","kloh2o","0.31","0x8fc63a3a61a7dbd1d3f778a2c00cf568fd1ffbf4","false","score_below_min"
"252158","t58","0.52","0x57a2a9dfcd603a832fdefe4c7cad00ef7630d5f4","false","score_below_min"
"236911","surbaisse","0.86","0xaeacab7cf6605fd77dceb1854810a9ddc1b95f1b","true","eligible"
"266942","popsie","0.57","0x9c2d060af05458d349704e0322fb934c68e4e972","true","eligible"
"3323926","haikal45","0.11","0x166cdebcdf53358eae196e49cd0249d7d1c95d86","false","score_below_min"
"1359723","jenauser","0.24","0x97aca891b814548782d7af480a95aae0dad4c16e","false","score_below_min"
"1030453","herru89","0.45","0x5a178021d88273aeb05e11eb76951bb028ae4871","false","score_below_min"
"254385","zkking","0.34","0xefa5336479035c8303934873f7c683361c9c15f4","false","score_below_min"
"1429912","seedaltar.eth","0.64","0x41a401dc5d699da00140077ee15838e368abbd57","true","eligible"
"1060933","dwiprase","0.4","0x2c681e78287900839a9c73b5ae736f2cedb04012","false","score_below_min"
"3325441","amiragold27","0.24","0x99b5c6279be73513a61c017472df928ea5ef713a","false","score_below_min"
"1370078","juelrana","0.7","0x7cb49adc92ad814b3f102d508a3ccc9b668a9734","true","eligible"
"1406718","alamsyah26","0.47","0xeb3b2d8ece38aad1cd5d79cf1b4d0832800ab306","false","score_below_min"
"1056855","waleen","0.47","0x2a8d0cc824af6eef66009b1257b7b684ba4b421e","false","score_below_min"
"305443","jensvd","0.47","0x4a7a43628a5962998a2d3f911d0730273ab76729","false","score_below_min"
"1046095","lekhram","0.07","0xe22be3423297aab1a72cb3264a82d5104b6f4919","false","score_below_min"
"3327222","kiefesutherlan","0.21","0xa45dc8fe4288aa73f265c095cee2e2a6c7bb84e8","false","score_below_min"
"336007","omid4111","0.8","0x4f2e9f1dad84a145bf506b3d5f9018ebc38a8f44","true","eligible"
"1556095","clarkshane","0.41","0xcef4f924ea5a2376cd5b7124aba49f0edfffada2","false","score_below_min"
"1352175","sadiya1","0.31","0xf83e811885e96ecd34c81166783c07c93edaf14b","false","score_below_min"
"1438667","rayirakha","0.08","0x8caf52f643ae68c87b1f1973cada17b37bf8fd37","false","score_below_min"
"542441","naina","0.44","0x465e736fa84fde75c53c645686d9f3c99869fcde","false","score_below_min"
"2299266","maya-","0.43","0x9d4e4b25780c931b9a8977624b86526e9b08dc96","false","score_below_min"
"3320209","cupids","0.25","0x45c49a167c94cdeae4e5229fbac43fd2357a5a32","false","score_below_min"
"1064160","pumafelidae","0.25","0x2d295f999504aad7cfc2dc2398a2f27eef66e78c","false","score_below_min"
"511692","zoya21","0.65","0xee76c3637a7ae5f72c45fa497356348d6ea162f0","true","eligible"
"1018276","owlvans","0.26","0xee6a013ec93ae44ab4bad529ec49e25268e86afc","false","score_below_min"
"2515849","jakesully","0.1","0xc5f7d9f49981b4f1eec306b7d5bd26c996bbb853","false","score_below_min"
"1364833","ramkisun","0.17","0x68937ea3ea9a03c2efe4136cfa3203365ef14da8","false","score_below_min"
"298799","jonijonojoged","0.38","0x538a0140f816316d253c294edc70ed8ad9dfe21d","false","score_below_min"
"256034","oxadamking","0.38","0xbfc4670795d4c26374faf3fbc5a46f69168a48af","false","score_below_min"
"255037","menjjoy","0.33","0x5e43931673d91d7156c01161646e30ce064efc51","false","score_below_min"
"1370080","mahamoudul","0","0xf27b3a774751d1762e9b498b832035bc321c2db9","false","score_below_min"
"1096533","rizqi131100","0.12","0x364e5a29e1353431ca19b47faa362491121d9ebd","false","score_below_min"
"973858","sumynur","0.31","0x722d7f2ca7d48f6d84b1ca8dc77aaa0182382907","false","score_below_min"
"511661","elskhan","0.83","0xb1e6ef693fd5b7856ca7a770be2231c35994362a","true","eligible"
"2727473","rentfree9","0.39","0x1c72fa50262bdd10cab8610913858545c485734a","false","score_below_min"
"1413186","tarabhanu","0.17","0xaf45a03920ae6ed355f202e72732155f0a0fa4f7","false","score_below_min"
"1128680","larrymelford","0.33","0x5f350e19804ff56dcf4651e3dfa28f10045ef779","false","score_below_min"
"260395","045","0.32","0xcd1bffd48b16f9107f028aa7f67ea2d5d46ff6ed","false","score_below_min"
"1157372","nuelcrypts","0.57","0xf2d2e12444b857c254904a66b09d6c90f2bb87ad","true","eligible"
"3323696","dannywealth34","0","0x1730805219fe861c2117ed5d4815bc358ecad44e","false","score_below_min"
"1023876","xishannk","0.17","0x3b095a69eb4371249e087ac912c59b5513be8896","false","score_below_min"
"3326745","officialfan","0.35","0xc96ebe337136e5caa62ea8d0e9f31a417a0d3d59","false","score_below_min"
"3317292","remoteworke7796","0.2","","false","score_below_min"
"1481111","corethetichaul","0.43","0xedeac19bc26b53eb291fa432eca03d2b5b6dd95c","false","score_below_min"
"401491","zosphotos","0.98","0x5f957ea55911ca2241330bf68c17c60c15b79b27","true","eligible"
"847876","ejaaskhan","0.39","0x15801da941fde1fd5225679ede3d48a09ffccf01","false","score_below_min"
"3327104","babayhot","0.41","0x17686ec29b430c3d3e54c69da4cabe01b9c8a83a","false","score_below_min"
"1070083","sggnly","0.21","0x1f99da67b4deb5a94a67c161b2f3e1de3cec161f","false","score_below_min"
"3317386","strategyfan6473","0.19","","false","score_below_min"
"1824507","rudrayush","0.07","0x81ba5b02e2f5463d7a57eb5b439cf6bb7ec2de96","false","score_below_min"
"228903","ball","0.93","0xd63c3a9cf4278ab0bf28eef62df21067d1d7362f","true","eligible"
"1303187","hasantahsinpolat","0","0x85c6d3636254755213b73a5c94468f77e37a53d8","false","score_below_min"
"255270","aryaseta05","0.48","0x15100857dd6518ddab7a02f69a2376dc7a1b3872","false","score_below_min"
"260753","setianugraha","0.69","0xa771cf73ed1fdeb2c2be64b9b6ce1789ecca3594","true","eligible"
"521007","h2-10","0.85","0x74f241e1a79ac4e4fdcc287d74dbbca7669d299f","true","eligible"
"3317365","productivit8135","0.19","","false","score_below_min"
"3316617","circulating9391","0.24","","false","score_below_min"
"540332","nikkcrypto","0.34","0xc623c98c84b7347a6e27c9cd8ba1be80182455e4","false","score_below_min"
"1210097","kishordeb","0","0x2d7504e5d363256b3b0bd149ae055a5779fb69f2","false","score_below_min"
"3316826","dropfarmer1684","0.25","","false","score_below_min"
"254606","baros","0.39","0x116007bc6ed5ea7c4f9762a7e01c061ca6bdd9ad","false","score_below_min"
"661107","minhcanh1997","0.53","0xe5fd40567442133c9558957ba7244bab667aa3b1","false","score_below_min"
"3108703","!3108703","0.21","","false","score_below_min"
"424033","theodore1098","0.97","0x1faa68e5e78427d042bf5cafaa2fe79ef120e531","true","eligible"
"3317301","bluecheckpr1153","0.19","","false","score_below_min"
"3316843","fighterpro4416","0.22","","false","score_below_min"
"3317353","substackkin4550","0.18","","false","score_below_min"
"1746265","mdjibon1300","0","0x2adbabe9d9a7ff5bcfccbef2746046fc972784af","false","score_below_min"
"3317323","efficiencyk1411","0.18","","false","score_below_min"
"1065896","resma","0.26","0x8f34b0523845b2b1dde4462032853b51c7ffc255","false","score_below_min"
"1056965","hamzaa14","0.2","0x2b56fd8a9bc7edef5a5740de755479c3c1f085d9","false","score_below_min"
"1148877","kanhaiya","0.07","0xe038f19756ad541e2419bc92cc58234566cef589","false","score_below_min"
"1306193","sobujkhan","0.11","0x82f4724362c3f22c6990721321fbd9eb6c1183c3","false","score_below_min"
"981989","abzeeno","0.31","0x2077d7a46eb39654bc595ad36cb7893b34b6472b","false","score_below_min"
"1456067","0xnutt","0.17","0x8db1696d7409c436b1406d8bd54e0d30228513a5","false","score_below_min"
"1021820","bhat","0.28","0x0bd11be8e6578b570eae5136fa630a9e9298e913","false","score_below_min"
"546998","shahin570","0.47","0x0a12e7652970aa24ae41036aaafe0267e521cda8","false","score_below_min"
"3326171","sakiburrahman02","0.15","0x9d0c51086c1f4b32157c8ef7cd2a7f73983b9ce7","false","score_below_min"
"262347","aaizlamz7","0.43","0xe0b37817f0a1c47fe019ca98e8e8bf631859b1d5","false","score_below_min"
"1539055","skd-tushar1994","0.23","0xa2027766e6e93b950168c400797b3603af1070d7","false","score_below_min"
"1454961","azamji","0","0x71e0180e73fd5a16eb3de82a63897ff408b85f53","false","score_below_min"
"507505","alamin529","0.75","0xc64c699514e74451a627cce93d45dc2e8f3a7793","true","eligible"
"3326543","fjlabs","0.43","0x99be121842518e85776d9083a62bccb0dfadad59","false","score_below_min"
"248853","ostramus","0.24","0x731078e8a243ca563caf4b5749736df3de2f1eb2","false","score_below_min"
"3317372","recoveryphr6247","0.18","","false","score_below_min"
"3317379","networkingp9626","0.14","","false","score_below_min"
"328663","edyhoky87","0.76","0x784e87779f5ca2617df51b77020b0119f0986709","true","eligible"
"1102017","pezt","0.45","0x8ec1144d9deca513ef785f702e9169e314450ace","false","score_below_min"
"463939","zyel","0.83","0x481a2cafe7e0f685b42cfc9b557b28ac89e54445","true","eligible"
"259873","sohag10","0.52","0xe26bc475097dde089998696894229b0526a4d810","false","score_below_min"
"766078","cryptoozzi","0.31","0xa861baedefee15de90a4e6d19cab7f2a4852160f","false","score_below_min"
"304536","arenamiri","0.77","0xcb1d3203481dc82cc25f39de87729e0b2d6f26a8","true","eligible"
"1455330","jankara","0.12","0x93d32e8973c94e4b94714e8d810b8c42c8478b7f","false","score_below_min"
"301162","ambarcute","0.46","0xe5f410b89f38e5a28e03f1d20defa5ba5a5dbd34","false","score_below_min"
"2710330","savage11","0.37","0x153c2dac8d3dd6454c2fc071338de77d6dafcfd0","false","score_below_min"
"2072252","andrepratama","0.35","0xd0a7131af28d99b1fe667c2d96ccadce390f97bb","false","score_below_min"
"212942","nhattung99","0.57","0x4c562b4590a5c1e90bd4ac0d5c229492358db0eb","true","eligible"
"3322295","harish7","0.17","0x38acff3baf53221599c44449dffcae9a261fdb51","false","score_below_min"
"266892","president1","0.64","0x549c27e27f7f80af6f5b0ee991e09372ecb11020","true","eligible"
"256068","jarullyzard","0.4","0x56e739266d349154a99e7d64ca0d0132a53a97cc","false","score_below_min"
"15211","statuette","0.98","0x2f21f94e1e57543f4663b722b6b1bed97c576bd4","true","eligible"
"1358884","bilal5670","0.43","0xe8dbb3d4cce4a3fb77b88e61b8aeae90e531732f","false","score_below_min"
"254790","0xmonkey420","0.65","0x58af3cb6634d6918f52109edd18a8e3fed2816ba","true","eligible"
"881861","lambayung","0.22","0xc0b3bb4b04c5fd6fbcfa23eed01c2533a8a75cd6","false","score_below_min"
"1137935","arillfarcaster25","0.18","0xfa085d5b395e65c0b9542609c2299c00d31eb0aa","false","score_below_min"
"1429095","krish123","0.77","0x6d533cfa409d4a11cfb6bc2f55c7ef8327dd05cb","true","eligible"
"743946","walidsikder","0.63","0x493ef0d6986877282073cf90ee5654909ebc9d92","true","eligible"
"956065","mazbayu27","0.24","0xf7ff99d180a4bf262436d6aa1e3b65d7a82c1881","false","score_below_min"
"1377132","shafi35","0.82","0x38472a7467d1e3baf8370bf67943f0aa62a8464c","true","eligible"
"392305","andri45","0.67","0xe6e0de95f062fc9c013e130ca6760301c15a5745","true","eligible"
"265520","peopledrop","0.7","0xe96822932b960a4be3acd2f8e8864e2949c2b7a8","true","eligible"
"1069853","sansun","0.25","0xdb0e46bb5bd5b7fd7b8a9a775d1c14f6fdd4b317","false","score_below_min"
"1063716","yossshuaa","0.86","0x9bb9eaeab9bd829fe4dcae7860b85dd7639ac155","true","eligible"
"1600623","recurse-lis","0.42","0x5e7a50eeb27f41de5960f91a988f91353dc893e0","false","score_below_min"
"2473722","olee","0.47","0x829189b666411db81d03a230aeeef39d68abc2da","false","score_below_min"
"318567","spido","0.49","0x2ab510a65f131aad457fcf3af23563dd42f1d365","false","score_below_min"
"844278","ahmgun","0.11","0x33441d62ca58f51eae1f8f4cbdd545623cf4414d","false","score_below_min"
"193572","twitterx","0.55","0xc839a37bf964d5145526d1235f77f5f5bd92c7e8","false","score_below_min"
"247805","thebankplus","0.8","0x07042ce9513fe5e5aba283ac4f061adc663674f7","true","eligible"
"1049461","ucho","0.74","0x772bff46b19ee1ee1598e7f02b28e4de69aac2bb","true","eligible"
"1013049","mizages","0.57","0x2583e6fb97ac8c2366d496924e916569afcf9373","true","eligible"
"544935","joyboy12","0.27","0xec8155972683fd446e2c5e5edf2c2063e44b2a9e","false","score_below_min"
"259514","mohsinbnb","0.69","0x3b8a5303b832756fe7277129a23d61ae119268e6","true","eligible"
"805308","st4rdust23","0.05","0x593c7aac9d52907b953cef83034bf2f2e692bd22","false","score_below_min"
"565654","antojiwex","0.22","0xeec8d74c9955b13168b3c23153476bd0983e3a15","false","score_below_min"
"1006671","mirabe","0.58","0x685c8adbf1792d775001709cdcdf1e4fa4f1c28f","true","eligible"
"526579","sunkanmi","0.59","0x321390fdc0e17ba0d621e70ed3999244361f25c0","true","eligible"
"277296","himmamari","0.86","0x7597a500be81d983f51a81651a86403c5ab413ce","true","eligible"
"1107123","rubayatasnim5","0.62","0x830dca803bc5e60ec85d471a50868fa19656b18d","true","eligible"
"891546","mrzayya","0.05","0x69205d5217db74714a7bb7c7495a296ac1d1a09f","false","score_below_min"
"2145252","el0smxk","0.37","0x8b8a0676d1667d271b6cd2027cba54ebe677a78e","false","score_below_min"
"332249","runner","0.79","0x6db6ff6a8e948745bd5e8b2f29d6954933e64152","true","eligible"
"208744","25thhour.eth","0.78","0xed56965b8e3963b1c380de31af27783927c10a82","true","eligible"
"1143909","muntahaqueen","0.54","0x77001d1c26c9bc4d27163078ad6e688f2e1539a2","false","score_below_min"
"1051203","amamr777","0.2","0xff83b00e1a8707d4831305524cdc13ff12ddf1b2","false","score_below_min"
"2298718","keiichi","0.1","0xa769c6d0cbb184ef1047aa44ce50f5325a50d045","false","score_below_min"
"1108383","boofincaps","0.6","0xbc75f2f911beb70558a90dd8e9461032855207da","true","eligible"
"1477579","pare","0.7","0xd1ab146981d50adcfe18433500e852af396ea7b1","true","eligible"
"875956","muhammadareeb","0.56","0xcf6bf5d0e164a6f9707018f3a0295463ef19f9dd","true","eligible"
"867747","erixink.eth","0.26","0xb82e2d7a5e5f0a38e5f426260fe163959961cd1f","false","score_below_min"
"234228","niteowl","0.5","0xdaa391475a64e174aa092dae33d5157fee834a4c","false","score_below_min"
"2519190","powerrangersge","0.41","0x1d23367582fe6f6c74aa8fb7c1227ca18c7c42b3","false","score_below_min"
"2505116","sherripro","0.47","0xb58f7aff21abe5bda3267ce833b2537a520f8225","false","score_below_min"
"250822","putraskayz","0.62","0x8b75a74ed5e314906bd7dde7724ce86082f96326","true","eligible"
"1408232","solkiller90","0.37","0x95b453109d81fadc9369502ffb92fa49d4d51aea","false","score_below_min"
"249806","iiz","0.83","0x0000000d9e7ac498cd37e8b17f88ac3669c411d7","true","eligible"
"439195","0x1x","0.82","0xe1fdda3d1e58149dcfbbef8ad1bbd1fe68abdc48","true","eligible"
"332286","arabic","0.8","0x488c9332a090e74a39dc050034bdab91c32a41fe","true","eligible"
"313400","baqi","0.68","0x1e13c2060f8c1fcb2de809adc551bc833987f8ba","true","eligible"
"1148319","jepecuans","0.17","0x78e0e89bade1ffed9c66067121ab444e64d48819","false","score_below_min"
"3324846","hmdxyz","0.06","0xfb137c5812c07df2db7ba58681026d6672344b05","false","score_below_min"
"370259","baycclark.eth","0.84","0x00c7ecc4187f239e09d4cfea5abe6d3c18f923bc","true","eligible"
"505214","jarif","0.63","0xbe836d671c9f7c9b98c2cb1f40ac8d21822300a4","true","eligible"
"1099382","ch1m3z13","0.56","0xcba17379c3bb0e12f103a6b93f5e5067e26050bb","true","eligible"
"1441146","netlove","0.03","0x6ec22e6f52b0c5f3c251e76977d65a7e776aa4db","false","score_below_min"
"247655","0xkimpada","0.78","0xbacdbd36fef7266cd41e31a1a10af48c47de3b09","true","eligible"
"1066841","sujon155","0.17","0xf521d19b9c4fb6a160f14472e0e6f8bc60178cf9","false","score_below_min"
"1298189","sarminakter","0.25","0x389eb9112024303c266c3001a5ead2e0abcd4d7c","false","score_below_min"
"1424562","parez","0.25","0xba1d0fb58bf60e23579f1e07436bff0bab92b674","false","score_below_min"
"257381","zkboys","0.48","0xe746fcd5fea4d00d8652681a76c25a29f7d32a12","false","score_below_min"
"1667823","neha-khan","0.57","0xca45bd9943bf6488f9b4f76bcc7a86f40b75908f","true","eligible"
"1166395","puja007","0.41","0xb8e0abf34d21b8338440ca5cfeb13e9f362d565d","false","score_below_min"
"1166188","neha007","0.93","0x4aba84482b4b7462eff56cf5ef785ac92457429e","true","eligible"
"331388","education","0.8","0x94b7773e088bc3240ebcb9822e5f1e60720f5d4d","true","eligible"
"320802","newera","0.82","0xeecf05f81a30d12a57f8adb7a0dee7156517be4c","true","eligible"
"1095510","antokundu007","0.94","0x7c45c2247873ef1e91d6137fd787d8d0e6340801","true","eligible"
"322673","rontukundu90","0.72","0x9d5ffe8a5298826c49fbd8d60f47e96dd4764860","true","eligible"
"445000","tonyrich.eth","0.83","0xbd97296d6ba14382d861208ee8ff928f74da4ec3","true","eligible"
"255479","watcher1001","0.75","0xde6a382888bb122be6dbf73d96ae2d640bf250a0","true","eligible"
"509017","rashedur","0.78","0x2f7dfe66d76f067a30c89df7ac6e8afb35de12af","true","eligible"
"448905","majidjeelani","0.95","0xa537bfe81c2f91d4fd00520e1179ce6cab38921a","true","eligible"
"259637","gombret","0.57","0xb39e150c0000d902e5aa8e7cfc2c36485a0292d3","true","eligible"
"251849","neozyx","0.58","0x48a61457f8d2962503a771d62668e9512244e9d6","true","eligible"
"259597","aldirus","0.93","0x76b9d2f5bf9b1661f135c230f3bc7843ada11bc7","true","eligible"
"1799781","henry12345.base.eth","0.43","","false","score_below_min"
"450803","whan009","0.3","0xe92ee708fff3a472848055a4ff556c7269eaae71","false","score_below_min"
"350074","maycky","0.84","0xbc614efc6229fcf8ad50e0f1a9d1345d438eea48","true","eligible"
"530004","metaversse","0.27","0x66e1840a664a0392387492968833e53b8915759c","false","score_below_min"
"1356438","aishy90.eth","0.57","0xf774f9098da57fd6af93cde8f47eda540ed29bb6","true","eligible"
"1016707","levento","0.8","0x87075d3527ddbe8ef5f9dd74a9db4e1ef40da557","true","eligible"
"296050","jt-longo","0.69","0x68288a41b4ba864503860fc33648d787a5c34790","true","eligible"
"1009586","shanny89","0.24","0xc08ff660b3fb19826afe6b808f76b372e0b83f99","false","score_below_min"
"330751","kylabisca","0.55","0x0bea16b7a5e993aaf3b3a51653bf7dd1c0165408","false","score_below_min"
"514366","block1337.eth","0.99","0xfd4c6c370bfa54d6cce1b6585a6cfd74bf06f4ac","true","eligible"
"315768","erinaa.eth","0.97","0x5112e655741d56a66267918340be0fad01ce7aca","true","eligible"
"262656","mhtawsif","0.77","0xfb0922c1f7fde260290ce50cb3b89c5ff50a1c80","true","eligible"
"1023830","mizanur837","0.88","0x2f1189e40e7996701031c9fc97b1709fe7540a15","true","eligible"
"2426353","saifulxyz.base.eth","0.53","","false","score_below_min"
"1073560","mksigyt","0.9","0x8f14d1fae1d6d81a3d9dd649121016eb63a18b09","true","eligible"
"1103325","tuminccc","0.23","0xccb8b8d91cc27a82ade1cb8f1bac034758e5098e","false","score_below_min"
"459422","whalle89","0.63","0x7a03d1264508d402e78aaadf02732cb999513a1e","true","eligible"
"281893","buckypaper.eth","0.97","0xd94f2074bc092452ca52ee8c4d2f0adf41dfe768","true","eligible"
"298610","flammingod","0.44","0x31ad74081f5463658c7513bba02c555599fdda17","false","score_below_min"
"282835","yxmickalla","0.48","0x325eed36b79029de823cf0df4fe13abda430bddc","false","score_below_min"
"671554","krtashin.eth","0.95","0x8f54cb6f55e3b524d80a6833a32843049281984f","true","eligible"
"351313","rajon","0.46","0x8d3e9fb435c595ecef1d18a12d39be139a81ca08","false","score_below_min"
"299030","hich","0.72","0x9984853452d60f5acb832e5120c3debcafe43458","true","eligible"
"685089","forgottenone.eth","0.98","0xa427acc90683f439eb980f5f1c157f29faab05f1","true","eligible"
"1376434","anika08","0.24","0x96be731d7ce5af75abedc7e7847dea8f1a8cda00","false","score_below_min"
"294658","sagorsakib.eth","0.79","0x303309811eb860e9725612a3a16823dab869fd3d","true","eligible"
"647182","bella007","0.59","0xa647b5a43cba30cd95032b97f5abe7a16f2e1e64","true","eligible"
"1066943","realmonnaf","0.63","0xb3b7501da2620ea2c8b310f36fdb82b253ce39d0","true","eligible"
"253418","najidsalman","0.85","0x5ab98795159195094c98b79ef78659dd47adb2ea","true","eligible"
"263160","eth08","0.46","0x25421d12ee2d807c72b786e46ce4ce1d9463e293","false","score_below_min"
"1081330","niwram691","0.43","0xc46503984394844569d03870dfa880b7c46c6087","false","score_below_min"
"316225","nt3","0.46","0x5b2d2222a528a952d6b9900b9c7859e33bfe5687","false","score_below_min"
"400645","georgeagbe","0.71","0xffdd2f83555c64d1caa17f5646c08b80013ed38b","true","eligible"
"291302","ajrony","0.92","0x897dd68ac9cf2ba259dc1eebb95c4c3278c089df","true","eligible"
"474644","abeg007.eth","0.91","0x3c39f4b90935c4a5c7dc2c8f1ecb6c2065a54f8b","true","eligible"
"1116896","dyahayuneer","0.75","0xd2f5d007e1f3695098af99a985e97cbe7149fd2b","true","eligible"
"476026","tops87sqweezz.base.eth","0.76","0x3fa68a4952b2439c636b0340a1296a46fa25d99c","true","eligible"
"1149231","rasyid.eth","0.57","0xb8ab5ee50a5d29b30f52ec45527b94ce971f51b3","true","eligible"
"344658","darwan87","0.23","0xfa9075796ff415cd7de39a39da84e79661e63ec3","false","score_below_min"
"251364","beniaditya","0.46","0x8427acc5fc277c5242aae44061c583080d2e735d","false","score_below_min"
"1989403","galvez","0.45","0xa58bf14f1206e7065abcc5be5102e3cf6b5de4d6","false","score_below_min"
"535036","shamimarshad","0.87","0x59766e72bf27f6944c5ad36c04c360c0e6f23ead","true","eligible"
"297317","kangdye","0.51","0xad705fcb731e4b99e57fb89af9f857f34bf1fb42","false","score_below_min"
"1073251","dipedas","0.56","0xa5431bcf6c766e6bba4ef21549e8186f97471017","true","eligible"
"1358418","syasya77","0.15","0x171edce0e91f41f667201f3083d8b63d7f277ae7","false","score_below_min"
"485585","raj108x.eth","0.97","0x65cc65ef988865233e836dc3bb4e05b69da5a2f4","true","eligible"
"531601","0xvalse","0.61","0x8569b45d8f4193b0acaabcebeb626500ad150595","true","eligible"
"498929","jasmine24","0.68","0xb22c4a53949dc8a0861ff5ef486e3f58dfbdfd33","true","eligible"
"255100","ghadeer22","0.52","0xaf6ce8eb36f9a06f43cde3b721f4e2b11ec40786","false","score_below_min"
"306577","cryptking","0.55","0xa66bc54e822b6b429cf5b573f8b75ca172a3da9a","false","score_below_min"
"1059035","madco","0.86","0xf801ae2a8eb12b1b141970e31a43c2f34e85367d","true","eligible"
"937300","telekq","0.68","0x78972afaeebc9d85fb0e134d233058e13e14ea4a","true","eligible"
"407004","ross23","0.62","0x04d393ef7143c0d7c92569f19d54e2335dde559b","true","eligible"
"363666","uwuw","0.75","0x6b1e8f0de319f0f827da44d7c0b89c401512ba49","true","eligible"
"420612","breath","0.86","0x5fc0d98edcc48a0d3b4d974c6af607a4b9f5e054","true","eligible"
"2853311","sabbirhossenpk","0.34","0x7b0f6643b9e2bcfea2b0d3c6689e8ce534bf7595","false","score_below_min"
"1062552","may93","0.36","0x16519f4acd5f7cf7f7d30d60126648c79b3b0e09","false","score_below_min"
"1073262","ikbalaspar93","0.24","0x12cde71608b58c1012b42086e3ab64567a812283","false","score_below_min"
"613116","soempit","0.83","0x964079d5e8fb1fdbf1878c2485ee373f7f677dcd","true","eligible"
"1123158","blownshades","0.78","0x6949b7ee38d4cbb5224bb8d7083210d390c0d449","true","eligible"
"327034","xlock","0.53","0x04f2347a32e5ae9f5c1f1f03998255385f05b028","false","score_below_min"
"433345","seyhmuscan","0.12","0x8de04d816286763fa4c5427fc1a446427100fbee","false","score_below_min"
"282926","snrcaptain","0.77","0x4188f043852c6fef692d99b7cc594f71be2f848d","true","eligible"
"376945","marufm05","0.71","0xaf020afb3fe94f3a1068f742a05070718c42019f","true","eligible"
"429610","dtr","0.51","0x513f3fc19470462bd133a0ae1d0f80de13511fe3","false","score_below_min"
"1103112","simo34","0.83","0x9ce282682e75bd511825eafc979277b0dd3ee548","true","eligible"
"308764","ceciliaeth","0.69","0xb8f73b269567dec47ceafe54749d17484941856a","true","eligible"
"481208","abid123","0.52","0x4402f62030e2bf43fc993d29dc4a32f01a56076e","false","score_below_min"
"255185","kakzob77","0.69","0x32479e95df7d5073db8a4b7d48554548a2bb173e","true","eligible"
"970045","kaito09","0.58","0x3d1c5de3f221331d4020772c176c59e8267b708d","true","eligible"
"1107112","asifsalman","0.65","0xf6382c1f83993ddf6394716f488c98c8ef599352","true","eligible"
"518127","hunainashiekh","0.75","0xe2da8c83a4a36c8076a9b0860392dacc921027f3","true","eligible"
"513276","aimanfatima","0.74","0x04bcbd69b9981414fa6d2ba449930b13781aef3a","true","eligible"
"1553365","adinkdonk663","0.19","0x5167f67f9c1f31c1f199f7d035c9eebffd3027b9","false","score_below_min"
"1933862","atomicfil","0.43","0x387c5a90a4f38bb317e532821899374cd383f401","false","score_below_min"
"777804","deepu552000","0.45","0xf2a41683706f3e5a77dcd8a3a5e532aa26d0b159","false","score_below_min"
"514113","eliasvm","0.98","0x3588009adf58eb7f0953d2b5707254034cc0b96e","true","eligible"
"1404672","sarnasarna","0.55","0x4c7ff284025410d4f78f3ebc79727ec6fba1318a","false","score_below_min"
"1062506","jambalw1","0.61","0xcee6c8319a01fce846d6ff6d131b42cc737b5193","true","eligible"
"258330","deo","0.59","0xc7411bf95bb8cef41fd7ade87cf6623681f9bbd1","true","eligible"
"1495622","jemickeys.eth","0.61","0xe09f439743b0de26de50552b4c8d5f14dd1d647b","true","eligible"
"449748","turjoy85","0.98","0xdb67fa906f5c206c77fdace8a44bd61dd6b05d96","true","eligible"
"22731","88bet","0.64","0x946957ec2e910621cb13cb4781a067e64d7c22b1","true","eligible"
"1117360","shifat007","0.71","0xae535defa59c3233d93167952f3c71da37159fc0","true","eligible"
"1067873","encryptedogo.eth","0.9","0x31738aa26d6021615ade11a09accf04dd6c93acb","true","eligible"
"526605","dicopoenya","0.09","0x834bf5a319fea5e25c92055919168a120ab693cf","false","score_below_min"
"511323","8992","0.63","0x863cbf53e8ad05b45d657ed5921e2b0bf84a08d8","true","eligible"
"1173963","moses112","0.6","0x8d938bff8917d2b2b91e46300d58da8838048b8b","true","eligible"
"877801","alfatihbosmwa","0.12","0xe77140f387cbbf1002da620a1ca32e9a5dea72c8","false","score_below_min"
"3311994","betrspace","0.51","0x2373ce678386def570be023c29c025824001d537","false","score_below_min"
"252329","elrufaee","0.92","0xa0a1a3e397f222cfcc9c7a4ff09d1204523902c4","true","eligible"
"846343","pilkesh","0.84","0x7285be537839148cdd2fd625cdc28f8e9b1392f8","true","eligible"
"439768","seizee","0.59","0x2809892c26403b41e43f4fc37398b04ee230aace","true","eligible"
"403450","dexwhale","0.9","0x61b41947d9105c174dad4548537c58a2cef6c8fa","true","eligible"
"1060895","xrayz","0.48","0xd0680d6d88abc65ee3a35cfbd966847c52515272","false","score_below_min"
"230272","btcop.eth","0.96","0x25d89ad88ea0eb0d70727827d50a3f202dfcd5f8","true","eligible"
"1478566","miki978463","0.11","0x3f7cb307283a1437f18108db1e3641b847cecd06","false","score_below_min"
"1075583","aryavia","0.63","0x2873f5f50a48d2656333376e4c06f5fe34846100","true","eligible"
"1108866","nadim840","0.15","0x9dfdb77f937bb1435a08835e6c536300d0e4ca59","false","score_below_min"
"250916","muchreza","0.84","0xa66a2e021da8d00dc6e6146e948cca976b7e4c7e","true","eligible"
"417714","tanin","0.72","0x254b55625f4209ee606641daf02d20725f594b57","true","eligible"
"801019","dathito","0.75","0x541422acf8dcd32dd00d3b3c879c28f942f2e76d","true","eligible"
"277673","endangsutrisno","0.58","0x6e7f46a718e22b9acba3ab749621987e4c5b9fc4","true","eligible"
"875499","muhammadalii","0.86","0xb22f8baa90381fc3a93ff1e291b1d750aeeed09b","true","eligible"
"732194","nooriya","0.92","0x6a372e7973a2cca625525573ac9d747912a9eded","true","eligible"
"238032","5050","0.92","0xf980bb10341b80b11e5f774a8e2495f38783b75a","true","eligible"
"384418","qisiebensoul2049","0.79","0xe28dc742f9ea962c03806306a3a020f7e53fda85","true","eligible"
"22415","mobox","0.45","0x644e6b25215de3804b6cba5afca9621155cec781","false","score_below_min"
"1335938","yasir0","0.5","0xc3605a8bd1805a6f5fe223c673c201a915d78c4b","false","score_below_min"
"236578","pepenn212","0.58","0x07c8687758d8a45bbfdab0c818a2767a08b8d5cc","true","eligible"
"1016917","spartaneck","0.78","0x0d2d879aff7dd97118a1144de436755b794e7ae3","true","eligible"
"460666","homaamini","0.99","0x58cb89c8bbab3ff6b025fc140979cae5da7a53dd","true","eligible"
"11782","jalleo","0.97","0xe47ed204b63adfb80c90082c088fc2a430f9a558","true","eligible"
"1071281","spidbn","0.64","0x94f3fcb5bf201612f7211bbfeee3b6e52d364479","true","eligible"
"950794","seftasilo","0.7","0xc622e93742bd12e43f8e3755403e779e95038c6b","true","eligible"
"489158","asifbodla","0.89","0xbe7e4d2698ab6a3fb720778d717d13d28197d74b","true","eligible"
"475250","atakgoo.eth","0.78","0xe98d7cb560e347d418ef206682c4ba659acf78b2","true","eligible"
"859032","aliyaindah","0.84","0x0c09feb8bda18addcf196361ebedefb498381b35","true","eligible"
"3317337","zksyncpro7837","0.23","","false","score_below_min"
"1071216","fattylazyboy","0.74","0x31b25607fb6f0d358b72bc11ca9a0350c8bdebc5","true","eligible"
"1051182","sianidamir","0.87","0x6b5ca4508ebb2f3c87d3a17298d21a9345103fd9","true","eligible"
"1050713","littleanjel","0.83","0x244b02436dc6e319e469924c60a710cf8d36ae53","true","eligible"
"1070750","aryanjahed","0.65","0x44303fcc2f2e2017c5e946c6cabead849c9a66d3","true","eligible"
"514476","yeqiu","0.16","0x8fa4bc8dec1c2e1456b6c95c560ae6e00e9808a1","false","score_below_min"
"1131909","0xjoshlito","0.81","0x92f2334d75fceb0338ee088038277a7061220a22","true","eligible"
"649360","namrufretep","0.97","0x69d77152842eff2642af99cde5b8513e7c77b1b3","true","eligible"
"1538246","crazybowbot","0.66","0x3e68aed94c80ea7822082a0ed9201e77f006f13f","true","eligible"
"242482","redwine","0.64","0x308e665ef7f9801387032c7fcd0c757460fedb3c","true","eligible"
"1371320","thefundamentals","0.72","0x78405b81a20d66ec0cc1228a81117585247d01eb","true","eligible"
"1020531","kexius","0.78","0xbf2d4e930b360bf7156c2636b98380dc92128647","true","eligible"
"419545","eli-web3","0.75","0x81792d30df85f2b49610575a6702f33a31394963","true","eligible"
"18561","ezincrypto","0.96","0xfab9a3d37999e12252b47468d2ffd4be15936012","true","eligible"
"3317344","venturecapi2931","0.18","","false","score_below_min"
"3323829","0xabdul1","0.39","0xdeabb07391990087518706eb22b1e1555ea47ac6","false","score_below_min"
"516682","ah7","0.2","0x0f301fb51198a279a21c0f9c02a0c737b01651a4","false","score_below_min"
"24204","ozengk.eth","0.78","0x943962699b2f223848fbd996d8be3fdd98117699","true","eligible"
"19711","mary8992","0.75","0xa656b3b6ad67d96b1a2032b129185288ea3d7fe1","true","eligible"
"516857","zeeshanali1","0.77","0xee4ba036d4a20f016264efafe60a4701692b4231","true","eligible"
"1118216","dimasraes","0.08","0x7195a845c5a694093de6f89ea67fe35a6112d947","false","score_below_min"
"286720","destrate","0.34","0x195774cab1c3719e1308fc5806ac041f0e432023","false","score_below_min"
"1370925","rmrakib","0.15","0xe640c090179fffabaf82c858e278408414c8f879","false","score_below_min"
"2769057","!2769057","0.56","","false","no_verified_eth"
"1007637","phuongvu07.base.eth","0.55","0x8744d22532c4a34605e30282a7c3ca095ac39830","false","score_below_min"
"1094494","73881389","0.46","0xa0843354cfdcdf48d7069bd6ee5f8ea8039436a8","false","score_below_min"
"593681","mdnahid123","0.11","0xabcf1076ca6f5a2bd4efcf0a8a262c84ca4cbbe0","false","score_below_min"
"3317316","privatekeyg2453","0.24","","false","score_below_min"
"780380","cyhutee","0.03","0x3ca7cd410606068f6fecce70a8ce65ada908dff1","false","score_below_min"
"1135333","antor240","0.28","0xc810b5bbf423afb9258922436f99b27af759288f","false","score_below_min"
"892158","rabbi0015","0.36","0x149dcf3e863842d4efc0adc8f3d54e8e385d2071","false","score_below_min"
"1268211","farmfiguru","0.33","0x474d464af37d9c6d689bc52e1543c20f105005e4","false","score_below_min"
"3317354","transaction8195","0.24","","false","score_below_min"
"2607614","wendy-o","0.85","0xf2d640a4d83a8a7ecf72e4976ecc21d19ace179a","true","eligible"
"1173446","kafrisco","0.05","0x80a33fce27b2c8f34abc82410528eebe55174f74","false","score_below_min"
"3317358","codereviewe5163","0.19","","false","score_below_min"
"3322231","perpdexevryday","0.27","0x244fd31adb1dee3a7a1b198762e78d4ec6f5e3fa","false","score_below_min"
"3321248","chandchawla","0.15","0x75b01a176f801630e95ecb22daf0da5500c3f432","false","score_below_min"
"1713939","vitebsk.base.eth","0.56","","false","no_verified_eth"
"226936","phk09","0.26","0x808de93601636f6a6d872a6378be58d42ba53deb","false","score_below_min"
"3317383","blackhatguy7011","0.22","","false","score_below_min"
"1441449","flowerchakma","0.25","0xcd7e629f610993ed9c212a799d898e6ebc4a43e3","false","score_below_min"
"1461111","abdalmajeed","0.02","0x8f3093938cd135250a04747b2d307fb5961d6641","false","score_below_min"
"3316949","communicato8314","0.22","","false","score_below_min"
"3317368","devnetguy4171","0.24","","false","score_below_min"
"1428448","shedopumping","0.61","0xa3c110219bcca3f278f7850a0591072d9da77540","true","eligible"
"1042635","ibrahimjibril","0.22","0x360cb8df4345e8d1039db1f7a3a81facff27643a","false","score_below_min"
"1560679","hernandezhillsar","0.42","0x4073cb79189df0ff5c055cebb0d8bc699544eab8","false","score_below_min"
"2377965","coexist","0.37","0x45eebc6ac8b06aaa5b874a585c8b236310eddb88","false","score_below_min"
"431892","saad-sy","0.29","0x216173a6340a2e0df3a2ac5e0d27467cecd41495","false","score_below_min"
"3316749","chessmaster3582","0.17","","false","score_below_min"
"1211064","ridwanridus","0.16","0x406ad15aa4ee7a79c834e265da4bd26c49abbdf8","false","score_below_min"
"3316811","snowboarder1404","0.17","","false","score_below_min"
"498192","ragnarockai","0.25","0x8f50d2652128969c76bf4c06bdb519ef95757308","false","score_below_min"
"1457631","shukran123","0.49","0xdaf5eb72aabe846f0354a8842deabcd9308ea2d4","false","score_below_min"
"3324452","evansdoriskate2","0.28","0x94a29fe344ad4d824cef381bd734a84c44fcc6db","false","score_below_min"
"1939528","rre","0.58","0x5bd77d08c1e2d91eeddaf720aa695d0b0fc52bcd","true","eligible"
"1538500","basety.base.eth","0.34","","false","score_below_min"
"3316847","risktaker9573","0.25","","false","score_below_min"
"2464505","thtravis","0.41","0xcd687526cdb9d32a61ffdac7db15831467b703e0","false","score_below_min"
"3324234","blessingbrittany","0.38","0xe7b2b60ab8b9b9a8595cbb241e6125fe6bcb3aca","false","score_below_min"
"2275558","cfyff","0.09","0xe48fa6c4acc96edd7537104bd615ae7df0e359db","false","score_below_min"
"1598050","earhodl","0.42","0xa18754ab902c3a97de0c6571630f896158aa99a0","false","score_below_min"
"750678","dgam777","0.38","0x24a000804704b9557466382a806b6baa31cf574c","false","score_below_min"
"2871869","n0de","0.74","0x7e6b746c463bde6b5718d8296f0b0b05b5b64f0a","true","eligible"
"903908","spawniz","0.82","0x596a08a5ba8c7fec6105f192d64305f4fc5b08ff","true","eligible"
"497484","victorwin","0.9","0xc87d74bf290933c2a05ae40b8a24b61045b251a3","true","eligible"
"390482","ferysihombing","0.47","0x76a0f5421e9321f146bbb353a22f56a423b76ce8","false","score_below_min"
"1457360","tanveereth.base.eth","0.57","","false","no_verified_eth"
"2679759","deepdi","0.39","0x249a10b6986d0c86af91167cf20a1b38219ec1b3","false","score_below_min"
"2808488","itsgracecharis","0.23","0x25c4b88e1ad7da590aa08f857f2aca313e45eec1","false","score_below_min"
"1505080","emoadhoc-heap","0.43","0xd8c510cabf958ab7888beba3c73526d20bcce49b","false","score_below_min"
"1327752","willwisher","0.65","0x776467efa1c3159995908d4ab0b2767b07828361","true","eligible"
"2688891","xtzcrystal","0.47","0xf405644c1055cadacd1c2d05e857896d7f91beae","false","score_below_min"
"1503698","on-habitat","0.41","0xcbdae8c4e71ac749a3e2ff2ffaab4523ec2bd2ca","false","score_below_min"
"2688656","lerest","0.39","0x954a7be816c15b54822d27c3789ad8a1b1205ae4","false","score_below_min"
"2584334","hillbrenda","0.53","0x6c40811ccffe909e72d7552cd4848776e984c60b","false","score_below_min"
"2686711","ylist","0.38","0x4e4bbd17f522e7321741fd0b14020c39938b0091","false","score_below_min"
"2760129","gjacobs","0.41","0x7f13236d8406381dee43cb7847c6cfd2a391e92f","false","score_below_min"
"1096884","nayembd","0.35","0x067678153960b77d1d6bac969d3ea6aa8b668f4e","false","score_below_min"
"2482929","arnolddean","0.41","0xfb82fe19c15d71e525881977fc0864102c82ff08","false","score_below_min"
"1987440","terraformin","0.41","0xcc21bfd5e4270ba8ae1bd80bd866e6ff71a686b8","false","score_below_min"
"875630","rana510345","0.64","0x903338b026ef8bb2b8c059a0fbc0e5137f7ddbd6","true","eligible"
"1577441","pixel-peg","0.39","0x0d9749405cba250a8c9968166ef4899e7b11efab","false","score_below_min"
"3322406","ja826","0.43","0xac9507b21452e256894e1ba6fb0e0a8a9de8b67c","false","score_below_min"
"2274087","whiteashley","0.4","0xc3f2a4a049e934ba65f12ec0c579019b25eaff51","false","score_below_min"
"288321","rahulkr","0.83","0xc2cd85974c5e256cb0b1dac2d92c7c9e06d4bbc6","true","eligible"
"1935872","imberlybrewer","0.42","0xb6d78fc8387b86c7acb4c12c0f845535c2e40adb","false","score_below_min"
"2652615","tddescapea","0.55","0xd78de1a5e8ee3845af2a462930344d77a53ff6f2","false","score_below_min"
"2686104","ezbrittanytrue","0.39","0xf0d8ea8bccb9bbfe3a50b355f61ea90ced712400","false","score_below_min"
"2741124","marygreendu","0.47","0xfb3cde89b43cb41f8859ffead0cc25b45cc65196","false","score_below_min"
"1480293","stake-trx","0.41","0xed140c8a3cb407a105c537695c87d225c1c838ce","false","score_below_min"
"2635935","rflow","0.39","0x68ed6845bb370ad8afc0c992b1abc21054450a30","false","score_below_min"
"2628325","tevens","0.56","0x2111489626807c51d5325f4b40ec750b7b32ea17","true","eligible"
"2354033","bematlas","0.47","0x50af6860e741fabe6f781b9cfbbb9961b474aea0","false","score_below_min"
"2420295","rmeyer","0.47","0x9963a019fc5dca317eb6f7b6e10abe7f7894aaea","false","score_below_min"
"3321785","girlsgleam","0.2","0x76ef5445ad4bf5eb59aa3977fbcd9aa79f60b5d4","false","score_below_min"
"1477848","tensorindex","0.47","0x1bb643bec72541b5068ca5bc1b3e8d1696b8588c","false","score_below_min"
"2611890","wtaylor","0.41","0xa0179844a80883e8bed2e30ee83981f6ee5c51e9","false","score_below_min"
"1988109","livedsi","0.4","0x7ef257cb45f76ce91f7090e291c615e3a8b09d3d","false","score_below_min"
"831658","coinciramo","0.43","0x77cf27635a867b95d616ca1621bcc34256fd916e","false","score_below_min"
"1531308","dennishardman","0.32","0x29dc0173dbc662414bd86de3d74fddc1140b0fe6","false","score_below_min"
"2505461","dpatton","0.56","0x05f2e9edb478ee4916e86fb091de9a2bc2ac228d","true","eligible"
"1108840","euvouserdoutor","0.97","0xdd53c6e5a487f13a2bff447ba37d1a1daa658289","true","eligible"
"1613896","dianamaldonad","0.48","0x99e7044ad65c417c1276b62322b350f18f278000","false","score_below_min"
"2589692","bnats","0.41","0x8630b2ff0bfb53ec5bb445cad3b30ec609c310b3","false","score_below_min"
"3319803","kristenlove","0.44","0x367c4d0ccf9d89e80f26061489ced06e1a305b76","false","score_below_min"
"1594928","icenebula","0.47","0x538bf2ec38bfcab984614d04fbcc772a6f906a94","false","score_below_min"
"2514757","grpcwebueba","0.39","0xaec188bb38d235b54e8cc2b6b5d86d32fc7f5fcc","false","score_below_min"
"1052563","badman666","0.54","0x34acf08d68d85644bf322b7167151f8422f1bafc","false","score_below_min"
"2646619","nyruiz","0.41","0xae6ebbacaf19905b0ce07d7fcf1e0a6e7bc4baae","false","score_below_min"
"2295229","hcook","0.41","0x9ceaf897726b45d66967b0c3c8251259300c606b","false","score_below_min"
"2864362","!2864362","0.31","","false","score_below_min"
"1439993","dirp8ibf","0.22","0x58283f0b1a91b2a58415f2c5dc3cec676c00a17a","false","score_below_min"
"1112252","darkness-dex","0.58","0x5f09757be6fcf415dab79fb931cd787e620f65ed","true","eligible"
"1871921","habibevan.base.eth","0.32","","false","score_below_min"
"3316992","chessmaster1501","0.31","","false","score_below_min"
"3316934","writerguy5766","0.31","","false","score_below_min"
"1602977","mariaandersen","0.32","0xd8c0182fb49e6dcfd120238001c9800ea4c2daeb","false","score_below_min"
"1459179","yurayoung","0.43","0xc4cba32569c1479174b600d6921a32e9f6fcad3c","false","score_below_min"
"1644758","anuwrabegum8988.base.eth","0.47","","false","score_below_min"
"2253411","neoaikijutsu.base.eth","0.37","","false","score_below_min"
"795320","nextias","0.96","0x2dfb7ffd445e869ce50ef316e45cb3ddf59bc350","true","eligible"
"1540164","jamesonbenjamin.base.eth","0.22","","false","score_below_min"
"794327","agunnaya001","0.52","0x3226346624b30f977983fefb2f645934050ece25","false","score_below_min"
"758401","nodecapital","0.63","0xb372bcf8ae1afaded16be307d143b357499cc675","true","eligible"
"2835491","tanvirjannat.base.eth","0.5","","false","score_below_min"
"3064617","chefcubcookin","0.16","0x86291bc6014973595b9da268dfb75fe9288ace09","false","score_below_min"
"2447494","collectivess","0.41","0x3cb732dd99cea6b2c21de61d10aa983b5f7ce174","false","score_below_min"
"1537553","emmettdennis.base.eth","0.31","","false","score_below_min"
"3312634","marykate1","0.22","0x5603266a537dac17edf6d6f8e0722cc2fd491b5b","false","score_below_min"
"450255","happenings","0.68","0xcbdfeae8494b3ddd17ea1e51abfca22a8b4e1467","true","eligible"
"2134106","raselmahmud22n.base.eth","0.46","","false","score_below_min"
"2335354","anielhlewis","0.55","0xe0a430c82d262a759c6bf1f765f554e9c6ebd70c","false","score_below_min"
"1550872","nibble-nil","0.4","0x8f6e29899133f45c95276d650b1cb2999a5a2c3c","false","score_below_min"
"3313479","anthonyqwarr","0.5","0x0d1fe6a1cbca95db3dc11e667df7b774942ea12a","false","score_below_min"
"1748603","lastcallh.base.eth","0.32","","false","score_below_min"
"2807629","zettax.base.eth","0.24","","false","score_below_min"
"2560826","ketika.base.eth","0.23","","false","score_below_min"
"3216094","coryhueston","0.31","0x4a9304f318d463787c0d3e58d6ac4c061eea11a7","false","score_below_min"
"2684579","samiulll.base.eth","0.25","","false","score_below_min"
"1031895","mhmdkrl","0.38","0xd05fc399e6bc521ed58fd77a2823f359b0803c1d","false","score_below_min"
"2772001","dorinamyftiu.base.eth","0.59","","false","no_verified_eth"
"1848913","qwertykorn2025","0.61","0xe489b10e7ddc50b67b06704f9761556ef9fe26eb","true","eligible"
"3298163","askyeworldwide","0.41","0x4f29f4f0796bb39b74125804287b03ba10d41b00","false","score_below_min"
"1586424","marcelo021.base.eth","0.49","","false","score_below_min"
"1879553","tamimethbase.base.eth","0.52","","false","score_below_min"
"1023444","tszone","0.21","0x823baef431b05020d3d671a11b8555e487f46d96","false","score_below_min"
"1740423","!1740423","0.47","","false","score_below_min"
"2335971","teamgrowing.base.eth","0.54","","false","score_below_min"
"3236898","kaithlancollins","0.33","0xf5316bd132748574c7dbca1eb25f4392ce3d248e","false","score_below_min"
"1004351","fluffyunicorn","0.75","0xda200d30f5ff599bbf8ac43243907cbbf5a03bed","true","eligible"
"2760041","tohura2615.base.eth","0.53","","false","score_below_min"
"1903906","shescory","0.37","0xd1067f76cd4b9ed0f37f3cfb099939dca63537f1","false","score_below_min"
"1449860","satoshihuber468","0.5","0x98cdd128d474d7fbfb0b927e19416842f73a2fb5","false","score_below_min"
"3140532","!3140532","0.37","","false","score_below_min"
"1086175","hossen009","0.21","0x703aff6ca52299628d9ec82ed9d357a9fc826d8e","false","score_below_min"
"1685978","davidhudson.base.eth","0.51","","false","score_below_min"
"3072307","pamela126","0.19","0x67541f02fc22e25593d97b4d9502ba920b9943fb","false","score_below_min"
"1980547","enamulreo.base.eth","0.35","","false","score_below_min"
"1844014","sam007.base.eth","0.64","","false","no_verified_eth"
"1860696","yairpalma33.base.eth","0.81","","false","no_verified_eth"
"1969761","29ugarcia29.base.eth","0.33","","false","score_below_min"
"3193974","smith2325","0.21","0x28551dcf731f19c78daa00488891e311e782e358","false","score_below_min"
"1084951","merin","0.82","0xc49c0a50fbae5fb6a6805052ed3b7f81db702184","true","eligible"
"1974843","kamalabbasov.base.eth","0.47","","false","score_below_min"
"1948813","hacili999.base.eth","0.46","","false","score_below_min"
"3192481","defilegal","0.34","0x45f9a6d88763707db6702ef4e156f685597530b6","false","score_below_min"
"1431176","polkamela.base.eth","0.64","","false","no_verified_eth"
"1788370","imarn.base.eth","0.66","","false","no_verified_eth"
"1728523","recmar.base.eth","0.54","","false","score_below_min"
"2033861","stalone1.base.eth","0.93","","false","no_verified_eth"
"424039","bdarijeh","0.39","0x34f1f63ba7481436a4256b8edad2c02751e43959","false","score_below_min"
"2762212","echo-15.base.eth","0.5","","false","score_below_min"
"2762116","kurapika-13.base.eth","0.53","","false","score_below_min"
"14408","pptulliana.eth","0.77","0x7e21749ab7fc3bc1a77fa5814cdfb651ca9e241c","true","eligible"
"1478307","rahibhai.base.eth","0.46","","false","score_below_min"
"3116917","!3116917","0.39","","false","score_below_min"
"1958914","memmedova.base.eth","0.42","","false","score_below_min"
"2708846","hanma-11.base.eth","0.49","","false","score_below_min"
"1435646","lesatod.base.eth","0.55","","false","score_below_min"
"2708138","light-10.base.eth","0.38","","false","score_below_min"
"2706030","yagami-9.base.eth","0.39","","false","score_below_min"
"1235208","iamgrenade","0.63","0xfcb518e934d91736bda63fb6b4d4cf1d86a87f28","true","eligible"
"3113710","hesenlirustem","0.22","0x19ee964aad0e2eb87c7242fcb4ea676365e07396","false","score_below_min"
"1477681","tamjid.base.eth","0.47","","false","score_below_min"
"3117344","cateforbes","0.57","0x96ae49875e612034377ed78756efe821972d415c","true","eligible"
"1706048","stuartalderoty","0.22","0xf3534edcd8ffa1163c716aadf517f3ee810fe018","false","score_below_min"
"2693755","spiky-8.base.eth","0.28","","false","score_below_min"
"2609359","sinbadnetwork","0.49","0x3290e7d61cb7adba9833615e9800ca53dfbbaab3","false","score_below_min"
"1872801","dev12.base.eth","0.49","","false","score_below_min"
"2693611","captain-7.base.eth","0.33","","false","score_below_min"
"5516","sky","0.97","0xb68a6a83cfca2e7fde2aa5749b85e753f55d58cd","true","eligible"
"2693456","kira-6.base.eth","0.27","","false","score_below_min"
"1636931","ghostsamiul.base.eth","0.4","","false","score_below_min"
"3068459","minstroy","0.46","0x59976ab39f93cdcb7497f43492f6567c7008cea1","false","score_below_min"
"2672682","riper.base.eth","0.34","","false","score_below_min"
"3119264","dobqckup.base.eth","0.55","","false","score_below_min"
"260299","tieubochet.eth","0.9","0x01b37edd07ea71eaf552b6ef1b8dcfbb328e1f39","true","eligible"
"1959307","0x0a03.base.eth","0.83","","false","no_verified_eth"
"2673967","sajeda.base.eth","0.34","","false","score_below_min"
"1912901","bscrypto.base.eth","0.31","","false","score_below_min"
"2786718","fastestpapi.base.eth","0.45","","false","score_below_min"
"1468527","ilham1711ilham","0.37","0xe1ae1deba590439a7f8a0669482e250974f52e90","false","score_below_min"
"1341880","ugozfb","0.9","0x7494b0360769c0bb0824a06f13e43baa05d790a5","true","eligible"
"2762179","sage-14.base.eth","0.53","","false","score_below_min"
"1397735","marko098","0.5","0x758b04ac7720dd694569c405627ac4c32942eff7","false","score_below_min"
"2933189","kevingates0","0.41","0xfc7da18ffc242f5767ddbd3b50cf81c38327d387","false","score_below_min"
"1350446","tatoshi","0.51","0x950bdfa292db7040b07be17b8e5ac609c301b629","false","score_below_min"
"1476021","rabbiislam123.base.eth","0.51","","false","score_below_min"
"2762095","gon-12.base.eth","0.53","","false","score_below_min"
"3097857","realfans","0.12","0x2b6eeeb800cbf36de5e613bd677669fa0ca7f60f","false","score_below_min"
"2835321","nicks-xyz.base.eth","0.49","","false","score_below_min"
"1444290","tadj1957.base.eth","0.64","","false","no_verified_eth"
"355566","duodomusica","1","0x0d3c16f2d152373539610da87d231f4d78f73a35","true","eligible"
"1479515","akul1971.base.eth","0.59","","false","no_verified_eth"
"1469403","crazyhorse","0.6","0xdebf8bdfedada7d9993c073643c7825221c2f9f4","true","eligible"
"1541486","sandra000","0.57","0xd13025cf905624d3af419690521adcee4d50668c","true","eligible"
"8152","beep.eth","0.98","0x5be51f8fe19af2543828a241e7555889a2ac9532","true","eligible"
"2799878","coiinbaseteam.base.eth","0.49","","false","score_below_min"
"3066159","onurxonerx","0.15","0xe58cb94358d5e5404a37c89fc8b7ce2b75922222","false","score_below_min"
"1586295","charlse","0.47","0xbbff537d086a6f3213136223751f883ad8db4a62","false","score_below_min"
"1393603","yogiska","0.21","0x878cb94a894769e52c5077abec2742fae262af5a","false","score_below_min"
"692211","studi08f0rev3r","0.73","0xa9557a3a69e838744acd2100574ebc76fbe6be73","true","eligible"
"1483268","razaulkarim","0.47","0x9836e5422d2467e82c6314857e0baaefc011dae7","false","score_below_min"
"2960856","!2960856","0.49","","false","score_below_min"
"1966238","behruznagiyev.base.eth","0.46","","false","score_below_min"
"1004534","pikolo","0.51","0x247562af8f36edca03ecc9619bc1055748c41bc7","false","score_below_min"
"1192292","cryptogal.base.eth","0.75","","false","no_verified_eth"
"1755457","rasimrahmanov38.base.eth","0.6","","false","no_verified_eth"
"1617304","dailyon","0.44","0xd1f8103931d614b842abc7a852adbb31c1ad7da1","false","score_below_min"
"2776153","nujin.base.eth","0.57","","false","no_verified_eth"
"349718","arvis","0.9","0x16a9f96ffb3c2336a49b75ae5ab032063ce3f5a5","true","eligible"
"1467917","alima.base.eth","0.88","","false","no_verified_eth"
"2992368","!2992368","0.44","","false","score_below_min"
"2849618","!2849618","0.46","","false","score_below_min"
"1267126","mdayat2024","0.14","0xe4fe3398f0f7da27e942aec361618cfc3405fba2","false","score_below_min"
"1975670","hero73baseeth.base.eth","0.74","","false","no_verified_eth"
"2924445","recycle-bin.base.eth","0.24","","false","score_below_min"
"487455","farnley","0.8","0xf6e1d9f27a4d298011bfc4f618d7b0d80b0457cc","true","eligible"
"2390404","shabscarrrie","0.45","0xe6a3e55c7c6c0dd0c5e1c6a853cede986748ebab","false","score_below_min"
"529925","f4z4k.base.eth","0.75","0x836b06491adc4d0befd684d5d047073ee865d513","true","eligible"
"2872544","acion","0.14","0x398acdc97722f3f0415861359e74bdcd10e41130","false","score_below_min"
"230941","willywonka.eth","0.98","0x05a1ff0a32bc24265bcb39499d0c5d9a6cb2011c","true","eligible"
"2481596","jiggyforlife","0.3","0xd0019d1d3fff2cb1574c3955e3b56fc3f2cca946","false","score_below_min"
"1344347","emrahkrks","0.59","0x998ed33163bc00d1c281e0850e094b961e916525","true","eligible"
"1535790","mdali09.base.eth","0.54","","false","score_below_min"
"1642696","mdbabuislamalom.base.eth","0.43","","false","score_below_min"
"874592","frutti","0.96","0x0b756d9f279d5246bed024e651a9259304a98970","true","eligible"
"524709","mianpk.base.eth","0.57","0x7f4a6aae6a08c7dd3134281097b2b7e5811819b7","true","eligible"
"339950","rairoy412","0.89","0x2bc7b2953c872c11bb11c19cb41412bef80d0ed0","true","eligible"
"1792788","mdhasanulislam.base.eth","0.57","","false","no_verified_eth"
"2087272","habib0987","0.43","0xb4eebdf0105e9d94a6bd60dc3acf396baf7b4008","false","score_below_min"
"2195182","aifokas.base.eth","0.29","","false","score_below_min"
"1394680","soozan","0.26","0x329abb96ae93111dd2f5b1c6f7b89f5d0038948a","false","score_below_min"
"251","jc","0.97","0x997b0cced542b6d2a7e0bae5649afd9d0861cb4e","true","eligible"
"1435414","zoomi.base.eth","0.43","","false","score_below_min"
"1437492","mercyme.base.eth","0.58","","false","no_verified_eth"
"1540883","neonstar.base.eth","0.73","","false","no_verified_eth"
"1437399","sohailgouri.base.eth","0.57","","false","no_verified_eth"
"2033337","mr-bullish.base.eth","0.91","","false","no_verified_eth"
"1733","nezzar","0.98","0x26bbec292e5080ecfd36f38ff1619ff35826b113","true","eligible"
"2847347","tinaxrp.base.eth","0.37","","false","score_below_min"
"2124593","beverly444","0.31","0x5fef62cf041a4e5dd2461c6b988fb2e4a6cefce6","false","score_below_min"
"1638345","shuvoo.base.eth","0.63","","false","no_verified_eth"
"1482931","eneentangle","0.4","0xd5967e9a2e8429bb6cdb89528f6b134067d150dd","false","score_below_min"
"1540405","maverickbridget.base.eth","0.3","","false","score_below_min"
"1575497","austinbobby.base.eth","0.27","","false","score_below_min"
"372654","nagarajan","0.59","0x96f588d1a950a3ab0440fbb0cd6126a49027c5ff","true","eligible"
"1362424","grkx","0.57","0x818bbff1815ed8010dcb6b4c720dddc350862506","true","eligible"
"1752220","rintymehezabien.base.eth","0.53","","false","score_below_min"
"2850895","casaislabs","0.75","0xa81f6e861daa0ccda1c2c24eca4a7cbc6c01b9d6","true","eligible"
"1745958","mahadiehasan22m.base.eth","0.45","","false","score_below_min"
"1137142","hanifa2841","0.59","0xdd8bdd7ef4516ebdd2736b5ad093ec05284cfe9a","true","eligible"
"867869","arjunlevi","0.92","0x979bd79e0a2d074d652ca9e03ac99f04cbf84316","true","eligible"
"2824370","alexandrebini.base.eth","0.45","","false","score_below_min"
"2838784","jordanmathinz.base.eth","0.33","","false","score_below_min"
"189896","vibecaster.eth","0.99","0xf641e2800a94b49b8b428353ea71aae85865dece","true","eligible"
"509587","mehdi-benembarek","0.98","0x001c213fc52654c2a3dc3ad4f7ac5233f2a31df7","true","eligible"
"2318538","ezemede.base.eth","0.55","","false","score_below_min"
"1712790","mdshuvo.base.eth","0.59","","false","no_verified_eth"
"369722","rakibsk","0.86","0x3063ee0ae9cc2ba24fa75a4118688d9f2f5ab4d7","true","eligible"
"1583427","jonhdean","0.47","0x758231a8d7a0ad547365ea518f7d2ff28ce2c0cc","false","score_below_min"
"1393215","090928","0.11","0x97e0877722e2e138af5cf6cc9369a3e85597b9bd","false","score_below_min"
"2795337","!2795337","0.49","","false","score_below_min"
"1470945","knheiste","0.56","0x27d14455401a7311c0a085cefc2b5047e5b8b2e5","true","eligible"
"1377486","theshillreport","0.54","0xf258c9850dcde337d22f02e0369c8cb6c0ec4f8a","false","score_below_min"
"603153","artirawat","0.92","0xb6170a508edad218834fa40bd169e8b3d2d53b49","true","eligible"
"1497518","ore-hypervisor","0.4","0xc50c55c8b316baa8537e5b758ffccab3e18e45de","false","score_below_min"
"1625879","mikez810.base.eth","0.69","","false","no_verified_eth"
"1685447","rjoy12611.base.eth","0.46","","false","score_below_min"
"1538472","etherfiends","0.46","0xcb108c206b6cf1dc4e1e298e14c237c0ec89532b","false","score_below_min"
"1504599","maxaverybackup","0.24","0x06d2196b29cad521cc04a3241aa6f525f883d93e","false","score_below_min"
"2691014","mrbase0.base.eth","0.52","","false","score_below_min"
"1364561","alaskasweetcloud","0.35","0xc9321d66ae36a74991d2cdf6bd18cdfec1ead832","false","score_below_min"
"1645411","shifat71eth.base.eth","0.85","","false","no_verified_eth"
"1068133","triowahyu","0.2","0xbd84a5b30e7c6130b37d6585c53d9917fd38e525","false","score_below_min"
"2112792","blanket11","0.03","0x039a36451d98bb772ba2bc942b8e244c7ee66957","false","score_below_min"
"557645","brioni.base.eth","0.95","0xddc0d404cdea3f44f360297639144e495d6141b0","true","eligible"
"330170","ridhafajri","0.75","0x5afb1ccb5f2308b8d6e3add591bff4e75974a41f","true","eligible"
"1381941","reayz177","0.55","0xb9ebe4fa796603f5dfe2c06bbc9ea7db48ece16f","false","score_below_min"
"1023756","jidan","0.58","0x2cc6cfdbf792842ca6b804022677005d51903391","true","eligible"
"1076846","smolemaru","0.96","0x6f1bdf6a93e4d26d0316c62a9dbde0ff553de6d1","true","eligible"
"437066","interstellgretz","0.81","0xa32ac6f43458c40369385e60f704912b33312919","true","eligible"
"2560953","baileyjessie","0.29","0xa46f25b60d1f6bcfe27f54c75d306a93c686c7f3","false","score_below_min"
"2390833","michael1z","0.39","0xb27db1faa21a4944557ba51e84bb952d4e1291e3","false","score_below_min"
"873435","soprt","0.33","0xe196a07778a622586314160b66aead1c280cfabf","false","score_below_min"
"2806387","usrcopy.base.eth","0.38","","false","score_below_min"
"2805857","alifcoin.base.eth","0.35","","false","score_below_min"
"2805526","julieleach95","0.31","0xa0e6806a5cbde91fa93cca6b71932dbc0663cc7a","false","score_below_min"
"2805444","!2805444","0.6","","false","no_verified_eth"
"1637871","gembhelelithe.base.eth","0.54","","false","score_below_min"
"2797963","stephenart.base.eth","0.3","","false","score_below_min"
"16851","zazza","0.83","0x5c2703acfe96eeb6f9c12bf364ce7b9288b92207","true","eligible"
"370970","posnerland","0.54","0x9daed54fdfb29ac23737fb8b09dc9f9bb0c9fd65","false","score_below_min"
"2672905","cryptoryder60.base.eth","0.12","","false","score_below_min"
"1783535","lilwert.base.eth","0.52","","false","score_below_min"
"1082404","songsofeden","0.95","0xe7b0f63a44e519d5a9c8c96fe3b644fa217d40a1","true","eligible"
"1680068","nadiweb3.base.eth","0.53","","false","score_below_min"
"1804745","guilarrebecca","0.42","0xc648d8bfd898da9ab530db74cce5f518ed74ee6a","false","score_below_min"
"1116515","poolfans","0.96","0x9e6ff974255c615dae8efc5f0baa9e3e5f94ad7c","true","eligible"
"2778178","nianoir.base.eth","0.54","","false","score_below_min"
"1556410","aesthet","0.38","0x7f0cd88796570d13f1639dcfab23d04a345216fb","false","score_below_min"
"1946631","korobase.base.eth","0.91","","false","no_verified_eth"
"2713235","daniellawagner","0.46","0x9718b8d66d4cba583132188ce6125f0fc6b6fd64","false","score_below_min"
"1660182","mhmdfrhn77.base.eth","0.55","","false","score_below_min"
"2094289","tangkl.base.eth","0.45","","false","score_below_min"
"2637384","0rupak.base.eth","0.63","","false","no_verified_eth"
"214250","xicortm","0.95","0xd61bb0db003571c76fbcdc77b995a656d1a88cb9","true","eligible"
"210167","susan33g","0.65","0x654228306266a18fcd1414c95fb6244adaecd815","true","eligible"
"2579461","tomsol","0.6","0x831a45a6b449cba274df0522fe6923f842c0b6bd","true","eligible"
"1663945","mdannafinuzhatn.base.eth","0.28","","false","score_below_min"
"1883951","malik007.base.eth","0.31","","false","score_below_min"
"674115","antlab","0.53","0x31707fd91cde04dad7f8154966bc7f155a9577f2","false","score_below_min"
"2698905","danielachris","0.29","0xc255fda5e17c6cee11095604f6cf9d3bb2ebd8a0","false","score_below_min"
"1523844","rapamoni123.base.eth","0.71","","false","no_verified_eth"
"1479995","pyrofirezerox","0.73","0x682ebe895e62e046d86cbc1652e61196dff1f256","true","eligible"
"2342051","azaharonline.base.eth","0.33","","false","score_below_min"
"2690661","1media.base.eth","0.28","","false","score_below_min"
"2656838","rohanvai11.base.eth","0.32","","false","score_below_min"
"651850","suzue","0.52","0x48b41b1d02a30554bb8a121a9e11c52b62dc72f3","false","score_below_min"
"1707919","shirin1803basee.base.eth","0.32","","false","score_below_min"
"1540673","kezie","0.26","0x074b01564a21471e58a685daa6ac05f61bdc364f","false","score_below_min"
"1700478","aftab07.base.eth","0.77","","false","no_verified_eth"
"1977664","michelleann","0.34","0x379169218799fac4820f6028ccbf05880803cbc3","false","score_below_min"
"1399086","yassinemzioui","0.16","0xec69a135aecf28a1a4d873f051beb1ab43182f67","false","score_below_min"
"803105","mamiqra","0.55","0xa6f373d457cfb7c49463b36cbe6e11d4d066c4dd","false","score_below_min"
"1557035","peershader","0.48","0x83b599035c5410de5769f726e96d4027094d5437","false","score_below_min"
"1479323","ethsuix.base.eth","0.94","","false","no_verified_eth"
"1044024","saifulislamsany","0.15","0x49bd29e74c6cfcd842d1c4c976f286ad9bcfbf76","false","score_below_min"
"2653118","cyberhackersu","0.37","0xefb558fe1033f383ecb6d7c031fff8a1d4ba8967","false","score_below_min"
"231387","bambunio30","0.58","0x839fe4eb9aaa9543f5274cfa6cd7c526183aed3c","true","eligible"
"1458202","dl39","0.7","0x8e5caf3f39b83dbc7663f7fc2b929e21d55482af","true","eligible"
"1044434","superfluidlabs","0.97","0x7ccdc409f4a324183409a25674c882b14c7bba98","true","eligible"
"539591","nftsafrica","0.57","0x44986388c2ff878d67567779edf1086536d3403e","true","eligible"
"1434966","pump482930","0.17","0x7499894cde9299a8adf8b930b3310af676ae821b","false","score_below_min"
"1342009","gyokera","0.45","0x72d3063aa1e37809edecfb823c03f68da0b0747d","false","score_below_min"
"2543918","michelle82883","0.4","0x483cfa937b5437c30ee869948e78a9a1647372f4","false","score_below_min"
"1646954","polloo.base.eth","0.62","","false","no_verified_eth"
"2592205","!2592205","0.22","","false","score_below_min"
"1790717","772579478.base.eth","0.29","","false","score_below_min"
"2600007","enrj","0.1","0x8a117e74a84bc750a9d7592676025b3ac1739ed7","false","score_below_min"
"1352305","sulaiman0","0.73","0x986c180c95e064d29fabb35acab70e3b8b629565","true","eligible"
"889513","firoz2022","0.82","0x56bc5cbd9a7d95124ae44a3acfbf165535917e52","true","eligible"
"2232641","zox92art","0.19","0x7b19c0ed99402e40e97d052499c76bc15e4850e9","false","score_below_min"
"2108340","enerajen.base.eth","0.58","","false","no_verified_eth"
"2425952","gulsen.base.eth","0.33","","false","score_below_min"
"1365237","eedot","0.51","0xf8e6427b05881e7ab74d222f4a8eab22fa12a8fa","false","score_below_min"
"2564863","pornaibot.base.eth","0.33","","false","score_below_min"
"1020660","milanyia","0.88","0xb821df877d2e2f126d513921b3455f60df6c4c72","true","eligible"
"1606689","claudialance","0.41","0x747218831f6972e1fe4f82fff997287036148f33","false","score_below_min"
"281371","pmashia66","0.74","0x9149ff5b1937740d577fb511daa5085919fc367f","true","eligible"
"1506072","craig0","0.35","0xd0d982402f2196323489fcfbdf0914e9f47989ea","false","score_below_min"
"807503","bl1zz23","0","0xad0dcda995a6469c5ed112fd471535d9bea149fd","false","score_below_min"
"1715396","!1715396","0.47","","false","score_below_min"
"1595223","rcahel","0.36","0xf3840288d48b667bbb637f3ce32ac019b6baa64f","false","score_below_min"
"1153754","mr-r0b0t","0.96","0x86e36c9ba3c6a2542fd761bc2b4fd61a110ea6cd","true","eligible"
"1075087","aaronjackarts","0.94","0xcd0393fa7b3872217df537eb1fbc78ddf53b584d","true","eligible"
"2523915","alfa1988.base.eth","0.25","","false","score_below_min"
"2368236","mohammadrony","0.53","0x35c895f131dd4cb4f80e2998bd642b069ecb2095","false","score_below_min"
"1457450","mdmafi580","0.26","0x77dd8228873b64551ec86668836b3799424d2ac9","false","score_below_min"
"2475685","bhagirath1122.base.eth","0.08","","false","score_below_min"
"2475807","mdking36.base.eth","0.27","","false","score_below_min"
"2155438","223james","0.41","0xd683fd3e3eceecfa8c2770ef895c8faf2ef11c13","false","score_below_min"
"2465414","lulu30.base.eth","0.53","","false","score_below_min"
"1999960","bappidas.base.eth","0.73","","false","no_verified_eth"
"1661902","iamzara1136.base.eth","0.93","","false","no_verified_eth"
"2166638","coinbaseupport.base.eth","0.52","","false","score_below_min"
"2382035","brianjung-","0.17","0x3951561ecfc99bcc8c17ee1c86f55b27e92a25f9","false","score_below_min"
"2430300","alxy007.base.eth","0.52","","false","score_below_min"
"2328532","fukrez.base.eth","0.55","","false","score_below_min"
"1069340","alex000115","0.93","0x339288172fab5a57bd382504fb565defd15f8a50","true","eligible"
"2462573","crytotrade.base.eth","0.34","","false","score_below_min"
"1076536","james777","0.62","0x0b3c5691911b4ff322084a42009e5e07fcc29aef","true","eligible"
"365409","gireesh","0.7","0x5230c81f3a6a841b46bf708f23af153a6433fa14","true","eligible"
"1043089","julius-eth-dev","0.96","0xa31741713228b36e80f3599b8e482401a9fba9df","true","eligible"
"1443837","jakeward.base.eth","0.89","","false","no_verified_eth"
"1778503","rasabbir1.base.eth","0.86","","false","no_verified_eth"
"2428980","tuba1.base.eth","0.31","","false","score_below_min"
"1016442","marchesco.eth","0.59","0x2e3baa9ec2a73e6813cbcea552f8a8db39e70bde","true","eligible"
"1757917","oproo12.base.eth","0.69","","false","no_verified_eth"
"1121875","jumbo7.base.eth","0.11","","false","score_below_min"
"2386154","realbarmstrong.base.eth","0.53","","false","score_below_min"
"2054143","wuleilei.base.eth","0.49","","false","score_below_min"
"1357452","hersonc00","0.58","0x027b12793cc3652c2e1782be3f1ae2cb8c86327d","true","eligible"
"257927","nanda12","0.79","0xdf21eec3b6d6cfb52b8a91864ec2cc46ed930688","true","eligible"
"972261","sonai","0.54","0x111119336cc802caf343d6b8e6524cd295cf3e3a","false","score_below_min"
"2348845","meebase.base.eth","0.4","","false","score_below_min"
"2289283","sabineschmied4.base.eth","0.56","","false","no_verified_eth"
"438306","skriyadkhan53","0.45","0x6a17d38f3486ff23c6b9d1bf3d445d400c2e752f","false","score_below_min"
"1506152","johnpatrick.base.eth","0.54","","false","score_below_min"
"1744291","support-chat.base.eth","0.32","","false","score_below_min"
"2180798","thanhtung1990.base.eth","0.92","","false","no_verified_eth"
"2246130","calvinhills.base.eth","0.34","","false","score_below_min"
"2297195","jasminerafe","0.12","0x0e4e289eb5b36f059ac679927b64ca8edc193eae","false","score_below_min"
"2287271","soliyman32.base.eth","0.6","","false","no_verified_eth"
"2332467","kmkextendedkmk.base.eth","0.56","","false","no_verified_eth"
"1716904","muhammadmahmudya.base.eth","0.15","","false","score_below_min"
"1641471","ruhan2500.base.eth","0.55","","false","score_below_min"
"1543139","danielalger.base.eth","0.3","","false","score_below_min"
"2286060","aquanoxx.base.eth","0.31","","false","score_below_min"
"892358","mrhunter34","0.59","0x0292c6a4aec6304b3435809d1b17041da70d5bba","true","eligible"
"1487671","sakkumaru.base.eth","0.73","","false","no_verified_eth"
"2084112","huey369","0.22","0x45db4d2be5af98dd5a42d6524ddb14d5ae1bf043","false","score_below_min"
"525292","tthkn2425","0.77","0xa27c532b28bcd3af67161b148c4d2b20d712f0ce","true","eligible"
"1729922","metcp.base.eth","0.91","","false","no_verified_eth"
"1784289","sonusihag.base.eth","0.28","","false","score_below_min"
"1645663","linamirhumza.base.eth","0.72","","false","no_verified_eth"
"1644492","eyamin420","0.16","0x04a1f14c7dd72e305fa2b284a6e3b1d1bd366269","false","score_below_min"
"1647534","abdulansari18","0.44","0x8b71e92ac7b07e2218bf7dbae5f7a30e1565eafe","false","score_below_min"
"2245846","marvin0.base.eth","0.09","","false","score_below_min"
"1666632","sonukashyap32220.base.eth","0.31","","false","score_below_min"
"2210875","nikhilyadav.base.eth","0.32","","false","score_below_min"
"2011762","nandkishorcheeta.base.eth","0.94","","false","no_verified_eth"
"939387","neghvar.eth","0.71","0xc7aab24ede583b0dc9041343ae51466bb86a1ab7","true","eligible"
"2256919","kcetal.base.eth","0.3","","false","score_below_min"
"935885","vorcha","0.77","0xe5bd8b07f960e77fea96f4b73271efb53f5dc00d","true","eligible"
"2262368","veronica66","0.44","0xf7d11c6ebc77ce97f31de43319eee4894a27a433","false","score_below_min"
"213934","bantysrivastava","0.52","0xcfa269981dc00e629f206c5675f84913076c50c4","false","score_below_min"
"2249924","!2249924","0.45","","false","score_below_min"
"1615709","janeti","0.21","0xe59b56c0edc09cc91e99fa0305d2639fe9edb960","false","score_below_min"
"1084478","l1kleesh","0.72","0x797264949985c7deeec56a0bed3d478544bcaa07","true","eligible"
"459837","muzammil7475","0.8","0xd70c3e490f528d49b7e36122630b0fde617f7a0a","true","eligible"
"1634370","huyoai13.base.eth","0.54","","false","score_below_min"
"400462","raselhossain","0.66","0x68a16fc7ea2b40be436c092967611ada569f7edb","true","eligible"
"1694434","mhriva.base.eth","0.26","","false","score_below_min"
"2238494","deployer0","0.32","0xec11da709f513390a4a2231c262a7e9a7d58787c","false","score_below_min"
"2152471","moonlovers.base.eth","0.55","","false","score_below_min"
"19640","zaal","0.98","0x7234c36a71ec237c2ae7698e8916e0735001e9af","true","eligible"
"2235529","japanretroanime.base.eth","0.51","","false","score_below_min"
"1537577","aydencadell.base.eth","0.2","","false","score_below_min"
"1948697","rehim.base.eth","0.45","","false","score_below_min"
"939842","snoova","0.94","0x22f833f5a9e355f75496463210985c9dd6cd9b68","true","eligible"
"2001851","synex.base.eth","0.49","","false","score_below_min"
"2230500","ndhoffmann.base.eth","0.3","","false","score_below_min"
"1001206","adrijan","0.76","0x868edb819af54a9c938dea4c2e027fe050b18d0a","true","eligible"
"2010241","shyann","0.53","0xab098baec6d3847f72fa1851c30d301164215f4a","false","score_below_min"
"333643","saratov","0.93","0x496d658a8f0fd654f7d54e6cd16be435de5c6956","true","eligible"
"1365308","asbinm","0.58","0x8f15f8fd98d2671a36fa329254a24edb7f2466dc","true","eligible"
"1485647","tushar4284.base.eth","0.38","","false","score_below_min"
"2037502","franklin39.base.eth","0.7","","false","no_verified_eth"
"1690110","cryptogenzx.base.eth","0.55","","false","score_below_min"
"2193134","viony.base.eth","0.79","","false","no_verified_eth"
"931834","iskandergreat","0.26","0x54c59755150e21a0d267b09347e09dd1787fd236","false","score_below_min"
"1675021","youto.base.eth","0.8","","false","no_verified_eth"
"1670380","asiii.base.eth","0.93","","false","no_verified_eth"
"1022504","lev7cryptoxp.eth","0.72","0x809323ae267218e1f81e38762fb99d5ae4329d27","true","eligible"
"1462752","0xtuki.base.eth","0.62","","false","no_verified_eth"
"1606081","newton-","0.39","0x964a59a4fe556a02091cbb2a6407e85bf120774c","false","score_below_min"
"1161445","ram999","0.57","0xdb33fe9bd48c842e52344f55eebcf7bf9e568e98","true","eligible"
"2013742","kochimina.base.eth","0.44","","false","score_below_min"
"1783669","rajansaini.base.eth","0.31","","false","score_below_min"
"1781748","onyx7.base.eth","0.5","","false","score_below_min"
"1088731","arissusanto","0.1","0x170cebbe37f137eb1a18b3b217bf852011250773","false","score_below_min"
"2210464","tuhin19666.base.eth","0.35","","false","score_below_min"
"1626038","joaoteixeira.base.eth","0.51","","false","score_below_min"
"1503213","gradyscar.base.eth","0.56","","false","no_verified_eth"
"2195490","jaclu17.base.eth","0.2","","false","score_below_min"
"1931602","arkilus78.base.eth","0.71","","false","no_verified_eth"
"1860543","thatguyidk.base.eth","0.69","","false","no_verified_eth"
"2129999","silento.base.eth","0.18","","false","score_below_min"
"1561607","antoniogarrick.base.eth","0.24","","false","score_below_min"
"1688284","meownftbase.base.eth","0.62","","false","no_verified_eth"
"1624851","t0nyz.base.eth","0.84","","false","no_verified_eth"
"290186","shakib09","0.91","0xf000da7bf5542cea8e2a8975f97dad24bcb237e1","true","eligible"
"1986705","baddys.base.eth","0.2","","false","score_below_min"
"2199475","luxurymotivated.base.eth","0.36","","false","score_below_min"
"2063929","valbjj.base.eth","0.83","","false","no_verified_eth"
"290448","tanju","0.83","0x379154c475105059bb600b304a23de2994b3fdd8","true","eligible"
"2164782","jimyy.base.eth","0.54","","false","score_below_min"
"1373603","ilovetacos","0.62","0xc9e9ca2848e7199197ce8dfbc203487c4256b451","true","eligible"
"2199562","prettymaya","0.42","0xe8b8482a15ce5ba9564ccc6b7d600d8d5720e2fd","false","score_below_min"
"1576305","coachpeace","0.37","0x680f25535a8084842c9dd29b02fc279547dd7e26","false","score_below_min"
"305492","hasifn456","0.73","0x7cf2f96df12554463031c3f573c58c6d77849720","true","eligible"
"1878858","viriatodev.base.eth","0.51","","false","score_below_min"
"2193779","pepe-eth.base.eth","0.15","","false","score_below_min"
"1939368","vikkykumarsingh.base.eth","0.54","","false","score_below_min"
"236617","trungg.eth","0.97","0x5697d59ea1a062e39857eb04cd4b259a702a6913","true","eligible"
"2144992","noveline.base.eth","0.62","","false","no_verified_eth"
"274935","chizk","0.8","0xecaaf0914855d7444a0babd68c9a2f88a7c95231","true","eligible"
"1398650","zaracosmetics","0.31","0xc89a7a5d90d9f83edd332a893872320bf7742a3b","false","score_below_min"
"1062954","xsatrian","0.54","0xfa2fa5b4563d5709942acfe8af8d8c3d236f67fb","false","score_below_min"
"2174174","ayothomas","0.39","0xe4a25cc25daa32a3ecd90bcba3c5cba852e845aa","false","score_below_min"
"1477674","shahzeb.base.eth","0.74","","false","no_verified_eth"
"1125364","cleber.base.eth","0.89","0xc1777a50800502f58ed7a86b0a5de8f43ef73ee5","true","eligible"
"1595730","artistdana.base.eth","0.49","","false","score_below_min"
"1938556","tabrani2888","0.4","0xba3b83b683abfbea3de2b93cb6558192e12dca2f","false","score_below_min"
"2092677","alexsadx","0.1","0xa222e257bdafa4c5d693e1b57b8918658c139c43","false","score_below_min"
"1874591","repost1","0.52","0xb202dd590ff9e9a408e4553b06f4289c5d7ff99c","false","score_below_min"
"1654648","omara1.base.eth","0.58","","false","no_verified_eth"
"522008","tanercan55","0.8","0xf6289c0d33f3bfd2b8d7335c5dea01c3737b2227","true","eligible"
"2155144","ruth8013","0.53","0x9ffcd7505fa71aec5d4bd2f9561d303fc37eac8b","false","score_below_min"
"481084","martingborth","0.84","0x34db6de368f335100bd46dd05f65ebdb4c7ea786","true","eligible"
"1734488","mdhabibullahhoss.base.eth","0.51","","false","score_below_min"
"2078051","tentacionsjn.base.eth","0.58","","false","no_verified_eth"
"2110983","brata85","0.87","0xa4779f033f6d6a643046b2e4a2e3282e8a4b2855","true","eligible"
"1901720","ndynchyl.base.eth","0.56","","false","no_verified_eth"
"2120906","andreea22","0.31","0x53bb8d530338aedf8586f725db649490a042871d","false","score_below_min"
"202681","nftart","0.93","0x13ff77c9315dde5ac9cfdb7258f99d7d70011803","true","eligible"
"1205431","binfergu","0.93","0xcb6c20144609f21daac3821e9d2a1f1bb57de360","true","eligible"
"1483953","shinosy.base.eth","0.59","","false","no_verified_eth"
"1413929","gemex999.base.eth","0.54","","false","score_below_min"
"1101250","sifat125","0.62","0x6e1da4ca0871f084c610e22a1ea18d93d50222a2","true","eligible"
"1899939","meywibu.base.eth","0.8","","false","no_verified_eth"
"1724404","chilefranklyn.base.eth","0.1","","false","score_below_min"
"1586745","hazelchloe","0.31","0x660c9d96faba6ea683df68730880067e0b2c56cb","false","score_below_min"
"1529598","maddoxambrose.base.eth","0.26","","false","score_below_min"
"1705473","rana51034512.base.eth","0.41","","false","score_below_min"
"1621488","maenerh.base.eth","0.44","","false","score_below_min"
"2091270","dogefathermusk.base.eth","0.62","","false","no_verified_eth"
"1914934","shihab123.base.eth","0.49","","false","score_below_min"
"1643275","itskajolkhan.base.eth","0.61","","false","no_verified_eth"
"1989529","haiyenn0104","0.1","0x0ecbf67f7a2fe2ed1fcab4e6d9ae67a576c5949f","false","score_below_min"
"1436984","hk-king.base.eth","0.87","","false","no_verified_eth"
"370108","luonghoa9x","0.67","0x91c48c9c98c9491ffd95223ccc5b7cbed8dd91ca","true","eligible"
"1909994","priya09.base.eth","0.54","","false","score_below_min"
"18823","ariemax","0.85","0x021b47851c123c955abc6dd73be88f0bcafda5a7","true","eligible"
"2058460","barmstrong-.base.eth","0.29","","false","score_below_min"
"1609190","bluechief","0.39","0x954e295abe6f5035310c6f33cd9180593e10f852","false","score_below_min"
"1704216","daghdah.base.eth","0.66","","false","no_verified_eth"
"2018278","brokenclock.base.eth","0.69","","false","no_verified_eth"
"439613","cybermonk777","0.92","0xf7aa171c8db08131e3bed992147b7f63bc096d3c","true","eligible"
"1693619","mssimams222.base.eth","0.53","","false","score_below_min"
"1490474","ahs002","0.87","0xa9bcc6932bf43315aed40d8b28a6947856a45829","true","eligible"
"1905959","!1905959","0.49","","false","score_below_min"
"295682","kazishahporan","0.94","0xfd67210dadd7a91dd5e08dff695b777b848224f0","true","eligible"
"2050546","lordcyrtop626","0.53","0x3d1fdd8f4c4323e48e32dd35d4f3a3d12c1d44d9","false","score_below_min"
"1925819","samiraaa.base.eth","0.32","","false","score_below_min"
"2097077","kalfajannat.base.eth","0.36","","false","score_below_min"
"1764478","adamumuhammadami.base.eth","0.38","","false","score_below_min"
"1645059","partho1176.base.eth","0.3","","false","score_below_min"
"1546149","carterarchibald.base.eth","0.24","","false","score_below_min"
"312552","sakil65","0.59","0x16b1b9efd5001ebb2305106f1d663256b6f9e917","true","eligible"
"1891361","catdaddy.base.eth","0.59","","false","no_verified_eth"
"1025296","ismail1243118","0.9","0x17af9a301c528824596d9e20b469fe82f23d9077","true","eligible"
"1912576","kanest.base.eth","0.92","","false","no_verified_eth"
"950452","kalpa120","0.78","0xaf4f25d4aced59a22d6b929fa73020d4b0eb3b9d","true","eligible"
"1123197","shuvosijan.base.eth","0.89","","false","no_verified_eth"
"2047105","lovethsarah","0.52","0x7fc4633197a0884fb38b1dc97c3e5e5a821d3046","false","score_below_min"
"349675","kinwiz","1","0xbcd980d37293cbee62bf5f93a26a0b744c18964d","true","eligible"
"1045581","aoexys","0.68","0x5231275b3a17f433f35efc47b84707c70c3075ac","true","eligible"
"1449494","faresnight","0.52","0x237170d29acbb698642664476234d3812e24566b","false","score_below_min"
"1536868","williamgroot","0.36","0x24cb845ac2339971460f8343bae15d51fc41724c","false","score_below_min"
"675236","zeedn","0.82","0x8f81e69b171e8f2f1a483c755ff7b9f8a66a7ab5","true","eligible"
"1783504","blockshy.base.eth","0.55","","false","score_below_min"
"675150","maxplay.base.eth","0.92","0xae8f28ef83588d445d4761c7918120801551e527","true","eligible"
"302436","maxplay-.base.eth","0.94","0x11315cce8f009e4cb4234ffeaf2e860b84e5b0f6","true","eligible"
"1353692","memeguide.base.eth","0.92","","false","no_verified_eth"
"1470738","tiimiinii","0.96","0x4efe8c576f7c8ae884128c228f6808ef1f577649","true","eligible"
"263867","electraz.eth","0.8","0xbbb0fddaae4c30ef8e1520a1c73b5acd570f1f3e","true","eligible"
"1950981","jesse-.base.eth","0.53","","false","score_below_min"
"1106464","maradono6","0.65","0xa1796efa07166de14c7f887e68d8147a01c0cd09","true","eligible"
"1702068","josieder.base.eth","0.31","","false","score_below_min"
"1478561","yuliaa.base.eth","0.9","","false","no_verified_eth"
"2011477","bimaakbarh","0.22","0x55b081d4faabee96349a133b0f6ec94535ab6b5e","false","score_below_min"
"542453","parves400","0.72","0x422f07d08b55f808f7e8caaa072570b6bb026eda","true","eligible"
"2039217","edet11","0.26","0x24cb03c68540a22ad7eaeb75dba0e11cacb112f3","false","score_below_min"
"1946392","alhasssan","0.05","0x957cf7688abe6510649165fc4204784c9a606b37","false","score_below_min"
"1403670","uhmojo","0.77","0x631c81085d95488a033c637c1bab2ae7bbe05a33","true","eligible"
"1625766","ashfall1909.base.eth","0.57","","false","no_verified_eth"
"1325619","thedefimentor.base.eth","0.76","","false","no_verified_eth"
"1051125","maestrobr","0.77","0x4ba61b974ce0d1190cff5a2a4bb8c63a1e7db618","true","eligible"
"1965707","keibase.base.eth","0.75","","false","no_verified_eth"
"1475741","0xyan.base.eth","0.91","","false","no_verified_eth"
"1997173","sspace.base.eth","0.3","","false","score_below_min"
"1637555","dailyfastcombo.base.eth","0.66","","false","no_verified_eth"
"1079054","sadheeyq","0.77","0x6193cd165fed02d914e812afc478f0889853e735","true","eligible"
"1660505","bubu1.base.eth","0.61","","false","no_verified_eth"
"1769664","black1004.base.eth","0.54","","false","score_below_min"
"1927365","gianiamicheal","0.21","0x172ae038c86358b1fd7acf07fecef54ae366ed5a","false","score_below_min"
"1588632","chasedennis.base.eth","0.24","","false","score_below_min"
"1020116","casteragents","0.1","0x41021b21cb752af00fd69489a8843c634ec81d69","false","score_below_min"
"1849359","iceio.base.eth","0.58","","false","no_verified_eth"
"1674614","alirezam1970.base.eth","0.46","","false","score_below_min"
"1353981","inwestpaw","0.02","0xafdcc3a921b6e7bd2fed69eb40f7ac54717d1580","false","score_below_min"
"1647824","mmashud20.base.eth","0.49","","false","score_below_min"
"1728600","snowrider442.base.eth","0.76","","false","no_verified_eth"
"1900387","eac","0.49","0x2805dc28ddc8676671fab7e420d2a83618ae629f","false","score_below_min"
"1688073","arceusx.base.eth","0.34","","false","score_below_min"
"1891165","emma419.base.eth","0.16","","false","score_below_min"
"1654904","microd0se.base.eth","0.61","","false","no_verified_eth"
"560260","alif313","0.38","0x8cb349b43e24f27160869c3631b94ac6338bbc50","false","score_below_min"
"1779349","crypt0era.base.eth","0.45","","false","score_below_min"
"1676485","elsadeq20.base.eth","0.51","","false","score_below_min"
"619993","bagirhektor","0.58","0xa0c7822423a959356bb4ab8cee51a50a795e0979","true","eligible"
"1839692","anthonyfx","0.29","0x42c464dba78d55e9806df3c20a43f175e3a600e7","false","score_below_min"
"1783550","barmstrongg","0.26","0x48e22131368f1c1c1196efe0661dbd52d84b42c9","false","score_below_min"
"272956","0xsweet","0.92","0xe656df09cca0f9967fc326a807217ec2c4dec9c8","true","eligible"
"1724215","erbilsmn.base.eth","0.43","","false","score_below_min"
"1653890","nebreex.base.eth","0.58","","false","no_verified_eth"
"1602630","nicolette1","0.48","0x65d3bbf7e9a2eb8d21ccfd448128104ba4e4a9c4","false","score_below_min"
"1545384","unclewazza","0.6","0x89f769e70e5614672baaccc3e6f27825591c11ec","true","eligible"
"206811","chrisybanks69","0.27","0x385b8068076219b7658a4320d7082f9275a7e17e","false","score_below_min"
"1595158","kevin15","0.49","0x57bdda0b61a5aae030d8aebef8cd5783dbfe1b92","false","score_below_min"
"1818241","winifredadam0026","0.4","0xe0801a2ad838352833ee5963fab1d8ed821ba1cf","false","score_below_min"
"847274","c2bsolution","0.94","0x0e4bf3cffb64c8c005372ee63aa14918c6a3e96a","true","eligible"
"488819","pdan","0.76","0x1df6035f143b799484eb92286e018b388df867ad","true","eligible"
"1810766","sloggerstudio.base.eth","0.32","","false","score_below_min"
"1720632","danbappana.base.eth","0.35","","false","score_below_min"
"1708387","garvinglobal.base.eth","0.22","","false","score_below_min"
"1807158","anardreams.base.eth","0.32","","false","score_below_min"
"1803738","man-of-letters.base.eth","0.36","","false","score_below_min"
"1581985","ethfidelvon","0.37","0xaca970eb1ca380a42d62fc10738255274f6201e1","false","score_below_min"
"1306492","mahil-feraz","0.23","0x88887cad20c9a4b3f1393a9a0310ff1587ea3723","false","score_below_min"
"1757482","jamesbrown22","0.26","0x96f7bbdc3b6ad9e0d56f21e4681072844a543cf2","false","score_below_min"
"1751005","najmulsakib.base.eth","0.33","","false","score_below_min"
"1752640","rhtamim.base.eth","0.56","","false","no_verified_eth"
"1749460","!1749460","0.33","","false","score_below_min"
"1753547","tusharbabu.base.eth","0.24","","false","score_below_min"
"1747661","0xnajmul.base.eth","0.33","","false","score_below_min"
"1782518","ahian007.base.eth","0.13","","false","score_below_min"
"1697478","niyazkarmi.base.eth","0.65","","false","no_verified_eth"
"1782492","baseethcklaim.base.eth","0.17","","false","score_below_min"
"1758617","raheembase.base.eth","0.3","","false","score_below_min"
"1786300","stonerdraider.base.eth","0.37","","false","score_below_min"
"1774521","adamu0026.base.eth","0.48","","false","score_below_min"
"1715445","khanyabmaedeh.base.eth","0.49","","false","score_below_min"
"1022790","shakers12","0.55","0x0bf76990688649fa2f3ad15d7a702815909d8fee","false","score_below_min"
"323068","mrmustafiz","0.34","0xd8c5826c85620f6d8e45ae5c70f8b808952dd59b","false","score_below_min"
"1633217","mkhanyab.base.eth","0.32","","false","score_below_min"
"1696098","takashicripto.base.eth","0.79","","false","no_verified_eth"
"1714376","mikrosoft.base.eth","0.33","","false","score_below_min"
"1345383","aaadult","0.63","0x79839ae0b0bace4725c8b49188ee28128ad75664","true","eligible"
"1582429","0xtarek.base.eth","0.42","","false","score_below_min"
"258670","amburadullz","0.35","0x52c337ae29fa2dbf68797f163b931b9704836771","false","score_below_min"
"1457260","bardetti34","0.13","0xfe8385a206c18c08c86421d4b7bbd8e2ce7a40a7","false","score_below_min"
"290132","chainvirus","0.95","0x373555fa55a0833663b3cc48ac64f8d71b89249e","true","eligible"
"1705192","sanigambo2004.base.eth","0.3","","false","score_below_min"
"1444144","floppyflip.base.eth","0.61","","false","no_verified_eth"
"1406896","mahdiimam43","0.51","0x7c61123dce049d0cf8ca554dbd783121c8edf7d4","false","score_below_min"
"1595965","jesspollak.base.eth","0.33","","false","score_below_min"
"1684196","talby.base.eth","0.18","","false","score_below_min"
"376919","hemnkurd","0.75","0xee78c5d6220628b63bc5c0a169122d5d37f523d3","true","eligible"
"1384214","harits.base.eth","0.9","","false","no_verified_eth"
"1343605","jhade.base.eth","0.31","","false","score_below_min"
"1637977","amdnaimalli835.base.eth","0.23","","false","score_below_min"
"1670702","kingblxq.base.eth","0.31","","false","score_below_min"
"1656586","lkriptobluel.base.eth","0.33","","false","score_below_min"
"1610343","ryan-onchain","0.53","0xf50efab571059025f8b2d4a1b372aaac5db5740e","false","score_below_min"
"1074286","abi998","0.63","0x41faecada3c9ea6973099879a4190f8571441dbb","true","eligible"
"1041687","block-key","0.64","0x9f9d5df0d4739b7d171b867d96e91d755a96013b","true","eligible"
"1655368","osman001.base.eth","0.25","","false","score_below_min"
"811782","kyivcryptohome","0.93","0x2fe55021aa3319de7b7e8390d52d1b9eeabab889","true","eligible"
"1664600","lilgesh.base.eth","0.31","","false","score_below_min"
"1663776","hamimnibba.base.eth","0.51","","false","score_below_min"
"1653472","hoodboy.base.eth","0.29","","false","score_below_min"
"330718","khaleefah","0.94","0xa5e09af54fc710755541d6a020b7a3c5cde968aa","true","eligible"
"1093215","uptopia-xyz","0.92","0xf4caf65eff21585a30a4b9fbe3fd925d01fa23a1","true","eligible"
"1646080","neerajbase.base.eth","0.36","","false","score_below_min"
"1237167","kimzzz","0.56","0x62861fe29ddb8a0aff4e7c8e7f7dd251dfee5817","true","eligible"
"1611743","emonkh1","0.19","0xf7103a7493012c0d90823a19d2d5bb3f05d247b0","false","score_below_min"
"544548","feiyuka.base.eth","0.77","0x3057a4c65d58a632dc76cff4bbe1fd97960b7053","true","eligible"
"1619387","realpeternavarro","0.42","0x86dad693573dab4dfba74caf7c41dc51d6e33752","false","score_below_min"
"1607758","theredrose0","0.28","0x3eda9e96d8acd1f5d0391b1622ae03915b35a8e5","false","score_below_min"
"1095006","dachangzhu","0.59","0x5a72885e824122965cfe1dac5b30f654fe3cbc50","true","eligible"
"1438123","logan7.base.eth","0.19","","false","score_below_min"
"1435796","mia39.base.eth","0.17","","false","score_below_min"
"1438150","benjamin999.base.eth","0.2","","false","score_below_min"
"1435779","isabella80.base.eth","0.33","","false","score_below_min"
"1435760","lucas00.base.eth","0.2","","false","score_below_min"
"1435749","jamesog.base.eth","0.3","","false","score_below_min"
"1435700","emma01.base.eth","0.31","","false","score_below_min"
"1435687","web3noah.base.eth","0.31","","false","score_below_min"
"1435663","liamliam.base.eth","0.1","","false","score_below_min"
"459348","samaneh8993","0.88","0xcc05e021de9b5dac6796e145e12460ed20da56a2","true","eligible"
"1435637","renel66766.base.eth","0.27","","false","score_below_min"
"1477380","btmvet.base.eth","0.9","","false","no_verified_eth"
"1541335","kelebekkkk","0.23","0x819808a7a38fe87385a4872f407d59ba53538dd8","false","score_below_min"
"1541764","arunkb1cbid.base.eth","0.76","","false","no_verified_eth"
"1596839","jesseetheruim","0.26","0x27f525955c41b88fedb2fd5124d19325e68fb2b3","false","score_below_min"
"738574","kokocodes","0.98","0xe2e65285945353f291c45f56cd8dba0273566927","true","eligible"
"1109872","albertofdez20","0.86","0x159daa05fe1c5ea72ce9537739e958ff7e1b6cd8","true","eligible"
"1612931","trinity007","0.23","0x6c6029527e0f1c6966f0652e3f9fa12b7d9cbd0d","false","score_below_min"
"393313","4x4","0.59","0x17bb2d0bd4cde19fabf85336f6b7ce82e3a1dce0","true","eligible"
"314643","hanif206307","0.91","0x5a66650712fc9dd779a968162c6838c65facb5f4","true","eligible"
"1359599","arrpeacebaseeth.base.eth","0.19","","false","score_below_min"
"1606100","hanumisatomi0","0.44","0x1d195101d938fbfd830857d6a24afd92542b0ca0","false","score_below_min"
"1193289","jonathan4727.base.eth","0.49","","false","score_below_min"
"268216","elx","0.97","0x228a131932c1c5f37f8a957aeec97bac0ce5470e","true","eligible"
"290384","rojatroy1e","0.8","0x99eb1acebdda74d9c14df8c81f8cbc91d51f3672","true","eligible"
"1597813","sayyangel","0.26","0xbd185f7036d4b56486886938b6b255a485119739","false","score_below_min"
"1374182","zwheel.base.eth","0.76","","false","no_verified_eth"
"1541434","ultraaslan","0.11","0x197addea7ba043cc2b740fc10da5146486fcb88d","false","score_below_min"
"1434205","sarkoptes.base.eth","0.62","","false","no_verified_eth"
"1611634","zaimstrong.base.eth","0.17","","false","score_below_min"
"1611867","nangky.base.eth","0.5","","false","score_below_min"
"1541033","nuni","0.13","0x9398563301195dc81413ae9ac8f2df145ca82474","false","score_below_min"
"1599824","beckyelestinec","0.58","0x620ee3f045973e8e1f6112011248e21bfce1e049","true","eligible"
"1376778","way4out","0.79","0x777f1e528dc857adb9f7f83e454032752e5cb640","true","eligible"
"246557","panik","0.97","0x702ba46435d1e55b18440100bc81eb055574875e","true","eligible"
"1610596","wolfeyes189","0.29","0x882a3535ecd576d0eecc67d66881d8bc75517ffb","false","score_below_min"
"1461712","bsibeth.base.eth","0.63","","false","no_verified_eth"
"1607618","jessebaseethhh","0.23","0xee3e5bb96c206a561a64d9b8c6c4e6df0275589e","false","score_below_min"
"1587367","farmmcaster","0.34","0x57bca5c2dc904b598f3f91958c35556b32f83548","false","score_below_min"
"1450532","lawsonjudy","0.34","0x36a9188c4f2a1388a2d44d41d247b048f4b6d519","false","score_below_min"
"762859","teberen","0.91","0x90b265eb08d3ce4d364177fb3af72b8e890c4238","true","eligible"
"1556547","layerx9.base.eth","0.26","","false","score_below_min"
"881616","asap88","0.19","0x7e334e459370b1ea138c9717ad2fff141e62558a","false","score_below_min"
"1085426","shakil6965r","0.9","0x7ddfb72a3121f60cdf2214a11f70f1427be472c4","true","eligible"
"1607269","trustlessstate12","0.13","0xb0e2160074845214fa9c505e001055f1285ff91e","false","score_below_min"
"1398522","cristain","0.39","0xbaea191e859371907b7d2695958b27ec42729dec","false","score_below_min"
"370342","senzer","0.51","0x043a1d1640e5754b62ee85306b49b500b8ce8b65","false","score_below_min"
"1167823","destinyosik.base.eth","0.46","","false","score_below_min"
"1360896","greedvault.base.eth","0.53","0x437b4102a3e3832ceeb93c9aedfac34822f496a5","false","score_below_min"
"1469682","ninerolls.eth","0.6","0x77fbb21175913e00be9e1d9c19acbd2752e7b976","true","eligible"
"1450304","nizami786.base.eth","0.55","","false","score_below_min"
"291971","megajayar.eth","0.97","0x2ff673a287a816fc4089cc51933f32e8c16fd416","true","eligible"
"305369","heleknax","0.87","0x5981ed1f094b46cf6148162ee3a246970858afe6","true","eligible"
"1121033","hweee.base.eth","0.87","","false","no_verified_eth"
"1115947","cptbased","0.84","0x9ae06d099415a8cd55ffce40f998bc7356c9c798","true","eligible"
"309710","nomadicframe","0.97","0x255148be130862531729937152d82c51142a5d56","true","eligible"
"298897","newscypto","0.71","0x9d1c777fad8d28e9f28f631ae4424e0d1aa611f9","true","eligible"
"630","rliriano","0.92","0xc8e0b13b8a33f85e4e715d8d17e2a0d7085c55aa","true","eligible"
"233625","arafah","0.79","0x1e3cfee7b721e17b057e93d2e4af33723818f766","true","eligible"
"1551162","sststesteve","0.24","0x1f2cd74a48569e6785a4b8962bae2befb1fcb981","false","score_below_min"
"429180","strangergirl","0.7","0x937190b27491acc0938e4e60d3011dace66236d0","true","eligible"
"1606561","bsatybc","0.29","0x9476a6162b42050734661ca32d76d8dd8d3588b4","false","score_below_min"
"213222","hendrazk","0.7","0x195e317f0616d1c3b3a4171a9997467aa05b376f","true","eligible"
"807149","bl1nk12","0.01","0xbd4221fd4b2e2e32c88cf206b9cedfe8adfb5c9c","false","score_below_min"
"1386077","meech9","0.36","0xb9ffff39b849d34cf52ef54d0f863f85633d09a4","false","score_below_min"
"1046731","marabara","0.95","0xb0ba77917cdda6e7cc2366bc3f49f247a760f70d","true","eligible"
"1604069","colebezuz","0.43","0xbe2b0ae31697b5fdada77f0b05664ee9463f4838","false","score_below_min"
"1600826","evaelfi","0.31","0x14fc82ef61adf3b0e6fc8073921e629ab4e4a063","false","score_below_min"
"1449449","sumuss.base.eth","0.47","","false","score_below_min"
"1050268","stlifestyle.base.eth","0.85","0x98b630395acfbbf944711bc470e3c89e5e52e253","true","eligible"
"1458102","drarmincrypto.base.eth","0.54","","false","score_below_min"
"1466159","cryptojefe.base.eth","0.81","","false","no_verified_eth"
"1595203","bernieport","0.46","0xb7d6bc7af5ab273adb95999f7c87cdbb0d8dd648","false","score_below_min"
"1452676","cryptoiyk.base.eth","0.24","","false","score_below_min"
"1442189","amandakaith56","0.26","0x12c0aad32d1115c1a9e5f2bc69aa401b547aae2b","false","score_below_min"
"1592209","susanjamie7","0.31","0x98729b868124de7fb11bd3120f9de332ff0320b9","false","score_below_min"
"1047800","fireflicker","0","0x315d073856f00fb11d0b814d50abdd379ad54ca8","false","score_below_min"
"1047778","auraslice","0","0xe4313bff4e1ac4bd36eec8f2fc629e1763ef3578","false","score_below_min"
"1050105","nanami777","0.5","0x03eb398742ae7e5bfcb0eaa490edafdd4756ddb6","false","score_below_min"
"20081","alexandergt","0.97","0xaca2f322d69e07993e073c8730180fb139ca4446","true","eligible"
"1165252","edriceth","0.68","0xdd0933bc0d2921132cdfe2f91422f56d1b6d89ab","true","eligible"
"544630","sabidah","0.61","0x0b00b78a91ca498b7df12bdbd2089cb2fdc17a77","true","eligible"
"939438","fireog","0.91","0x3e290cf558f98cf444b948bf962a6378b78fe369","true","eligible"
"1425163","renaldi308","0.2","0xc8c979d171455bf855bc873fd2b08b1f9575af5c","false","score_below_min"
"1046831","node8th","0.26","0xd988ccfd5af5f297c07fc7813fcca85f41285b9c","false","score_below_min"
"1444170","nickychirita","0.48","0xebb0ba392b97e0f809bbfcfac9dda80273926e0c","false","score_below_min"
"203754","satoshinaka","0.67","0x2136184d88f0e711f59098586511e60005404db8","true","eligible"
"1009776","betobutter","0.92","0x8f7971130abbad9dbe9caf6886c31b64d4504737","true","eligible"
"5395","0xconca.eth","0.97","0x788f6b0226553f7331054438e3bda08f989cc007","true","eligible"
"975990","aisextinzi","0.13","0x0c8c6ec14bc2e7c9e9a7a1efe338a96190e189b8","false","score_below_min"
"194071","duccpt992","0.59","0x11886d015734a3b21e31e64708e9dad7d460febc","true","eligible"
"1552184","ann4u","0.41","0x9dd0ff47d7fe01293891b73be9ab41295ecc8492","false","score_below_min"
"317613","blocksheeprace","0.52","0x5a1ab72006941ff3a6213c5eae297d547a2e2909","false","score_below_min"
"1494590","fazilat.base.eth","0.65","","false","no_verified_eth"
"221255","ligne12","0.82","0x586b616470edc7640466d7ac2182b017b9000820","true","eligible"
"277093","gang101","0.67","0x1a337066433877c0ec34afade14945cb0aaf39a6","true","eligible"
"342433","ireside.eth","0.95","0xa5ec502a322dd8ed24f154c3a830475ca2d71e48","true","eligible"
"805808","k0r0na18","0.38","0xfc52b1a5eb28a744857e1ae3cbd9b6b4a0555016","false","score_below_min"
"17817","rezanonestop","0.62","0xca26f58a0a6d0bc06354305f46c4225fce7aa550","true","eligible"
"1147334","reeeee.base.eth","0.7","","false","no_verified_eth"
"862378","eternalval.eth","0.56","0x92d0ea405c02a5afda6154989d207493f9789972","true","eligible"
"805794","t1tan7","0.01","0xf4c110a06d47754292ac818e594c91be7a93aa58","false","score_below_min"
"1501006","web3webguy","0.57","0x674d1d17a6b961a1ea4b361fa46c3708a5e41f46","true","eligible"
"1489028","yasawa7a","0.15","0x3b5a5da06a184734a8ea33083480e7fb7a3b5eb9","false","score_below_min"
"1552484","mysticmolly1111","0.22","0xed2f84c58e3003f0daf40464fc9016cae4b6b8ca","false","score_below_min"
"427764","bluegirl","0.55","0xa9ebdbb1f787bb72587b09344e438463b6d015d7","false","score_below_min"
"5494","jachian","1","0x9b327cd5c79b58bd64388a742adc9489dc7f2dbb","true","eligible"
"1535200","elonmusk767-767","0.42","0xba4b7c4223823f428fc60461d846c0cc9f723e2d","false","score_below_min"
"1410950","l1ttledumps.base.eth","0.5","0x4ea2148161e354a15d112fd58fdb4e4eab73ec33","false","score_below_min"
"1362089","trololololo00.eth","0.6","0x265a965706bca4e83a5993eaae0e9caaf12f63f0","true","eligible"
"1371361","frustration","0.84","0xcbd5b4ecac88bf7d9653c19fd422f4fa255dba2b","true","eligible"
"321163","paulc7.base.eth","0.6","0x5415f65eac0bc3d3cccc2338c1efa3126c2ee5cb","true","eligible"
"1551150","eliteoptiontrade","0.09","0xf170e7626fbfc88d9ad29a731798d2dde948149c","false","score_below_min"
"1456473","salmabatool","0.25","0xa5adc698de90ae3ae436f5ebe158303b060b1f66","false","score_below_min"
"1548296","laurencofi","0.24","0xd091f6b6021cdbca740f7f713a421291e2d13c9d","false","score_below_min"
"1358782","vibeofficial","0.64","0xd6f81a9d256c667837c120ad5d01247755a5ebb1","true","eligible"
"1488688","czz24.base.eth","0.47","","false","score_below_min"
"268626","subairtec","0.72","0xf54c3de95f9da695f96699b8ccf40fe512661712","true","eligible"
"1493391","mazankwarai.base.eth","0.38","","false","score_below_min"
"526509","charlesmario","0.31","0xfa237e2ad50396a6b290e27aefa2e4ca2416ead8","false","score_below_min"
"1545012","auroranaomi","0.33","0x5e6cca978c1cf355591d95dc3090239972124503","false","score_below_min"
"805858","br4vo15","0.3","0xde0393c39b65330ebb01ff9b05a55c038cc5f2a3","false","score_below_min"
"300025","blueowl","0.78","0xf8589b54fd7fa01f48ede3a8ab857fdff2eda510","true","eligible"
"339133","mikeaknin","0.69","0x55cfce6f38f2d7272e30b14fafe418946caa876c","true","eligible"
"1534552","alexvitios","0.31","0x805db1f6ab09668be4e187f467d254a43a295114","false","score_below_min"
"806049","p1x3l12","0.05","0xd315216c01328f6755fc3e5e1fb15f0437b1be84","false","score_below_min"
"1460953","juicinesslove.base.eth","0.53","","false","score_below_min"
"1436370","crazyy","0.83","0xa853c3ce1cfdfba89b7ceea3bfc06cd94ff512ff","true","eligible"
"1475320","natashamary337","0.33","0x070257ad62d84a6abbec8b6d9ce0b9916b111adf","false","score_below_min"
"1448119","auran.base.eth","0.5","","false","score_below_min"
"201721","daves","0.63","0x75a82e93f72db7c83a72b36e5dff0f068b4c5676","true","eligible"
"1491505","darkdream.base.eth","0.54","","false","score_below_min"
"333144","mehedi01320","0.76","0x70997ccb5ebf5b94aa0968f62349ffcde9024f4e","true","eligible"
"1435676","awokjp.base.eth","0.44","","false","score_below_min"
"809532","p1oneer19","0.05","0xb20654db5c270173c00ade10ea021d84b1c3ebcc","false","score_below_min"
"880558","geniusjoe","0.88","0x50e023954e4ef678e0c906c0d761fea854b63c6e","true","eligible"
"214746","jvhbo","0.95","0x2a9585da40de004d6ff0f5f12cfe726bd2f98b52","true","eligible"
"552763","robivai","0.85","0x33ee7611307b6e689b537abf9a6ad38845707cd3","true","eligible"
"1512396","linda6262626","0.33","0x2ca11e30c60f56bd02dc117e4f47f083ff36f75e","false","score_below_min"
"1412592","hoangduongbilly8","0.78","0x5fbc0f6f2d8e3ba4d76d1738e89dc6e2bea4fb74","true","eligible"
"1060495","delahuntagram","0.91","0x7cb71fc5af75e4879869629977b4e436db3970e8","true","eligible"
"1489634","chrisco-created","0.13","0x92ffbeb4bc03cbcaad68f973ba1b78541af0560c","false","score_below_min"
"1062615","tra30s","0.46","0x608d4ce43bd2623cede6c5e0c1b9029dd7b037f2","false","score_below_min"
"1473954","rudeprince.base.eth","0.54","","false","score_below_min"
"1429901","xbaser.base.eth","0.88","","false","no_verified_eth"
"1440432","agritoken","0.84","0xc690ea5c4ba81e4980c8fde4eb8a6fb76fcb9d3a","true","eligible"
"1492439","thenerdsuniverse","0.27","0xa25a1654eeb5d9a6954ac2163a13585980aa2aec","false","score_below_min"
"807168","tr0jan19","0","0x24c006c567771842c9603d8a14fb462f5f7646ec","false","score_below_min"
"798683","kanier","0","0x075d5d5dbc6d9ec5da27e5f94bc27d2d0e0312dc","false","score_below_min"
"1420724","solduser.base.eth","0.65","","false","no_verified_eth"
"1434984","tanveerbean.base.eth","0.74","","false","no_verified_eth"
"798523","eolaideat","0.01","0xccafc8743f042ab9d707ddd4f898e41d058da5f4","false","score_below_min"
"798617","quenat","0","0x0aad058a7804850f7d6e14015a8865bee4819c64","false","score_below_min"
"1076086","bearland.base.eth","0.92","0xe0584bd41c11f9f16e57e45b183d3dc18599547c","true","eligible"
"1456214","kauersaki","0.71","0x2566c41ee904074a643b023278f0f89df1156370","true","eligible"
"310444","faithe","0.76","0x776462ff8707c8520a70cbb62e4a6410acef247d","true","eligible"
"304523","sorouchhm","0.52","0xaa3f70060b9839734a774db4a5c3e3792e8fd546","false","score_below_min"
"805823","m0ment","0.04","0x2a38051143fd577355852085f6016f9230691a1b","false","score_below_min"
"1414135","hridoy0769.base.eth","0.25","","false","score_below_min"
"1466810","rimon8.base.eth","0.8","","false","no_verified_eth"
"1477922","imaginaryxnfts","0.53","0xc3ed092731cbc953f2ebfd81c025bfa764607616","false","score_below_min"
"1452587","kpopp.base.eth","0.89","","false","no_verified_eth"
"253930","0xdecentralist.eth","0.63","0x9df097378fd24d51a5ade0d0c895975b78e7e4ac","true","eligible"
"1444264","elonmusk2244.base.eth","0.56","","false","no_verified_eth"
"1480023","1elonceoa","0.45","0x70eb8468542312c33a32b7c6c128cd76d718bfbc","false","score_below_min"
"1469599","rviceroy.base.eth","0.48","","false","score_below_min"
"1070123","obaidreal","0.39","0xcf13d797ea7be9c56408f0045182cff7b16635a0","false","score_below_min"
"1452510","basexxxxx.base.eth","0.76","","false","no_verified_eth"
"1076972","ahmedkhan919","0.6","0x2b242e410538ebd8ebe7bba3b0ae5d2655a13e76","true","eligible"
"1218036","burgermoney","0.9","0x1bbcccea0f329b0b0389655886a86b5172f7b84a","true","eligible"
"1206289","turk182.base.eth","0.66","","false","no_verified_eth"
"714965","tasnimmily","0.78","0x5f741994c563112e09861cd9c9fa88efec15c3c5","true","eligible"
"898346","hungthanh402","0.62","0xf6042f30af88dc859fac4a1d3e568b1bcbc57213","true","eligible"
"898972","itsziyed","0.47","0xa2ab760aedd804da85a8d5a93f3af823b585750c","false","score_below_min"
"1469860","maxmax.base.eth","0.23","","false","score_below_min"
"1457139","wan2firdauz","0.58","0x20dc129a6c45f920e5566cf477e3d24bbc658c8c","true","eligible"
"1060579","shafiul94","0.72","0x848e4c220d78dae7e730d165788a12e16f1fa2c2","true","eligible"
"14978","hypoweb3.eth","0.94","0xb06437c630b57598a6c177513f2f4ab04b95744b","true","eligible"
"1122702","abbillal1.base.eth","0.73","","false","no_verified_eth"
"1469417","nakatoshisamoto.base.eth","0.57","","false","no_verified_eth"
"251805","kentungjp","0.52","0x5f976ca983e377846d148de9e7d36103fe4e70f2","false","score_below_min"
"933834","dexca","0.93","0x55fbfddd6ba05a474137d6d290d3aeac9757363d","true","eligible"
"1469305","kareenlizzy","0.36","0xd97a446893e850f49786938d3c7d8801d8ec82ef","false","score_below_min"
"798689","rryleminee","0","0x797fd3e961720424688eba11d57fc8d54d088ccf","false","score_below_min"
"797270","paniliqiv","0.01","0xdaa08c69546bcac3db10bae173a43a20ec5e3fdc","false","score_below_min"
"1149473","shreyaiw.base.eth","0.6","","false","no_verified_eth"
"1358936","arefin1997","0.5","0x484ab20eb42b360efba124e34db3873f669944e9","false","score_below_min"
"1469009","angelia.base.eth","0.71","","false","no_verified_eth"
"1469389","sexyboy.base.eth","0.15","","false","score_below_min"
"1464000","koner144.base.eth","0.85","","false","no_verified_eth"
"1406690","hait649.base.eth","0.66","","false","no_verified_eth"
"1461474","reho1995","0.16","0xeab08ee38e607d178b7551451c155211319b1b80","false","score_below_min"
"1112253","leofque","0.45","0x15ee55e7e7db04c7f3bc0a31c85265bef7fbba5f","false","score_below_min"
"1444252","amitkrx831.base.eth","0.66","","false","no_verified_eth"
"237548","mutlucankurt","0.7","0x00167dc74b2a630547951858f6e3cadad3c629ed","true","eligible"
"1462006","tiriac","0.27","0xeadc7b97f426806f6cb4fcf70ecade253a3fa60c","false","score_below_min"
"693527","lesomkara","0.02","0x5c2c5d2d6059cfd1639323ff4d724df28316ed4d","false","score_below_min"
"693882","svapmor","0.04","0xee18a4beef6285e0340d6a6ce1c5cbd24e17e709","false","score_below_min"
"331049","fruityespresso","0.55","0x7c97ff52de412d92a61b7e3978d4b1d56fc4835d","false","score_below_min"
"807141","f1gure21","0","0x1ce6b882ad21d5c9a366fe80b64704bc5c89abd6","false","score_below_min"
"807260","p1lot21","0","0x3582147e3364548afe10ef81d46d61eeaed8dfab","false","score_below_min"
"807103","l0tus22","0","0xa36d26811ba674d7f551dc50e5975d17d6eb5f30","false","score_below_min"
"807228","q0rtex20","0","0xdf0db45febeb12de79ca53f7006867b4bacc1ada","false","score_below_min"
"807267","5quantum","0","0xd5a63f95a79f84b86dda73e306fbfc11804a4fcd","false","score_below_min"
"1453857","jakeclaverqf0p","0.48","0x93a6822687438655177e63eee6f7744300f102f2","false","score_below_min"
"1449154","mijanur77.base.eth","0.75","","false","no_verified_eth"
"1051993","turin0","0.18","0x4b9147e8f5ef1148f2a6c581f668f459a7efa9b0","false","score_below_min"
"1429309","mrd77.base.eth","0.22","","false","score_below_min"
"1447135","neskolko","0.35","0x7c8871c5d86ee3a157fea450937c161adc351a3c","false","score_below_min"
"1306706","sarhat","0.6","0xd2883a6756797b929e9a79e909e5f50323d986ba","true","eligible"
"1414799","lulegenda.base.eth","0.27","","false","score_below_min"
"1432947","wildframe.base.eth","0.21","","false","score_below_min"
"1442385","zerozim.base.eth","0.75","","false","no_verified_eth"
"1439000","nusratfaria","0.54","0xc3dfa9b3d0264585cfdf69b5c4dab76b6caf18dd","false","score_below_min"
"255169","n00ts","0.9","0xa26997a78e5d90704437cecde7b6021280ed029a","true","eligible"
"1439728","rifatn.base.eth","0.57","","false","no_verified_eth"
"273791","315","0.73","0x9509ad9a025155857f9d788f34d30f52aa2db8ed","true","eligible"
"198826","shockwavedragons","0.91","0x2ebfc3f01d584fb7428495b46e16cb40b141e700","true","eligible"
"1436194","web3billion11.base.eth","0.93","","false","no_verified_eth"
"807172","c4stle12","0","0x4b59f3b9cd5c10e38fccfc127263ec1fa068bc7d","false","score_below_min"
"548007","trunghieu95","0.56","0x885d524bd147191a1f6bd79ec75346036c1365e6","true","eligible"
"805364","c1pher24","0.01","0x47e085197ce3b6779d79878b46f81ef038faae6f","false","score_below_min"
"1438862","yumi8.base.eth","0.27","","false","score_below_min"
"809592","p1lot13","0.05","0x44b471caa741939de3f81d840c0b23f5ea2d9f9f","false","score_below_min"
"809269","q1uiver2","0.01","0x72dc23fc86dde95c643b76eccffaf1f9be012895","false","score_below_min"
"1067707","mominsdcc","0.6","0x1522269d59d352a1d88bc67ec7be52199d50bee2","true","eligible"
"1433625","chenxiaomao12345.base.eth","0.48","","false","score_below_min"
"1423992","blumay","0.26","0xe00abb00112dda281a38ee65c8a11f029c7c7831","false","score_below_min"
"14731","sanchotero","0.7","0xf77e2c9b9ea81843d97a034e50aaa61b54edcc92","true","eligible"
"301258","namsom","0.83","0x688e603bf3cb0aed46f39635035d341abe1d5466","true","eligible"
"1425970","abbass-1","0.2","0x323170e25fe2cbfed92a8a3cb7b62c3f682987b1","false","score_below_min"
"1428576","jayedanik.base.eth","0.34","","false","score_below_min"
"1144644","nahiz97","0.09","0x0c677c823234e5164f0a091130273ab8ec7fc2f0","false","score_below_min"
"805894","t1meless9","0","0x8a295c2bdef3fc2758ec47f383d08ddfc61792ca","false","score_below_min"
"806066","7fractal","0.05","0x585b292d4f7fff741ed0e09fd2ed8dd08054e5c7","false","score_below_min"
"805783","c1rcle22","0","0x9f5e1976fd30bd9f67939ef20299cc663b7caa32","false","score_below_min"
"805570","7eclipse","0.54","0x103d363c5c7e17513f3f92157213b5eed530682d","false","score_below_min"
"805790","r4zor18","0.37","0xdb25d2c8efca13889950b97ad4c10300f61d9023","false","score_below_min"
"798636","ozzyt","0","0x97de03ebdbe87df5e17ff79a16c34db7068be9b3","false","score_below_min"
"278694","blotta","0.74","0x6d505d731a4d7bc24e5b8547066615029b9a81b9","true","eligible"
"1414888","nayanm.base.eth","0.85","","false","no_verified_eth"
"1357164","mvcinvesting","0.6","0xea71bf8d754ada562074229904e7187740fe80fe","true","eligible"
"1399580","iamthetake","0.57","0x5efa157f23d18eccbee008cc83534b10d98e9833","true","eligible"
"852803","troyvs","0.26","0x509b9d17ad37ac03a60ea56ea86c4ca6e80c6091","false","score_below_min"
"1360012","sexy-anita-eth","0.5","0x39bb29062a9a2e146007010d254d4abee6bbc01b","false","score_below_min"
"1392309","williamakpan","0.29","0x52b7715c5f4b13e97f6913b7133b4cd436e26fbf","false","score_below_min"
"1393942","ahmabhasy","0.32","0xfd52c40b183c7e000611a98d5f7d61ff88ed162d","false","score_below_min"
"1360606","arsha09","0.18","0x909d5135aced44d9ac09d08eb0162debef274364","false","score_below_min"
"329223","demonstarieze","0.61","0x2bcb2c0eb5e16046802f0ce1a4c94537781a7718","true","eligible"
"1380168","cannabicool","0.73","0xe9d6e4e364f08dd16c8d50a6333e3be4ad927aaa","true","eligible"
"679893","shibin","0.87","0x49ee9234fca7ee714f28386869db54bba78f2fb9","true","eligible"
"457572","grims","0.86","0xe3be356a8b27eb199e53a251e1a84ddad0ead9b7","true","eligible"
"1004133","emmanuelking","0.24","0x335351556f2596b55ebe24d2bd834c889d2e6fba","false","score_below_min"
"1116733","visionofweb4","0.97","0x2216b7755f4bd2909756c41ddfe8f7c620ff2cea","true","eligible"
"1400397","bobbyongg","0.2","0xdae84d8399ae5194300cb1eccd577987c1202461","false","score_below_min"
"1386461","shoaibsarwar1","0.25","0xfe7dc448db307a117a249e6fa086969f534069bd","false","score_below_min"
"685189","larovitchhh","0.73","0x3b90ee4962571ee9b706d4a8f29ccd70e40060d9","true","eligible"
"1064034","nilsu","0.64","0x0d66b7ceb324dbf60d144274ccdc70f92189efa3","true","eligible"
"1383608","dgbet","0.82","0xde25ecfc56786d62a6302e6c0b53280a9f01d6eb","true","eligible"
"1397753","alexdray","0.32","0x3cf8aa588aac104dbe9d7455520df4ffaf7c6c72","false","score_below_min"
"1179084","kidemilio.base.eth","0.58","","false","no_verified_eth"
"804122","disasi","0.34","0x2755456a8482de7cfa8fe8e520667867f322f673","false","score_below_min"
"1112328","gadina","0.49","0x274e0b1e97ab94771443418f2a9b7801d76d0529","false","score_below_min"
"557503","farmer1400","0.67","0xb98eeaaf30cf6f2e5532023d00a7dfaa35c69862","true","eligible"
"807276","q1uiver24","0.01","0x8a67b5257a0ff5ca405da6ee60f26cb38f60aa26","false","score_below_min"
"434598","moooneth","0.63","0x3fcfe8768917faebf08a2a3920d5c738dda07518","true","eligible"
"311722","metamaks.eth","0.72","0x1046394abffeec81be8c48136745a4a46917ccbc","true","eligible"
"1389053","jen24","0.33","0x7dbd2ee4e5fad1320e3648be6b8cda29ba6ea60f","false","score_below_min"
"1377865","chriscoffeeth","0.35","0xd5d8429a8f93e71af43a4b1d2562b14c483f3afa","false","score_below_min"
"1329742","jonsmith0","0.69","0x0097a0515218696cc5b94ae266037cab1937fd20","true","eligible"
"263383","farukyasar","0.79","0x43ab61dbe594aef507adcb9dec0fd4423f194cc9","true","eligible"
"1014800","reas63","0.36","0x04a966ba0d5ad07dc8368466d0a110f963513492","false","score_below_min"
"1388451","maryjohn","0.45","0x0e65d042f42fedfcfd397d3d0252c3025b696421","false","score_below_min"
"542216","lordszaszy","0.59","0x0249490813ac95fbe72141d6fd85bf4c1e31841b","true","eligible"
"446853","owaisarain","0.57","0x5b1828e86b396625af9c9eb3570e4e52ef170d07","true","eligible"
"303226","nawazyg","0.84","0x390e29d45f47c352fee126165f133ff61a282ec4","true","eligible"
"1201228","bayzidxr69","0.53","0x9de1e8ebde72a1918b0f706873f2e5d473cf3be9","false","score_below_min"
"434740","broking","0.52","0x178da32c9fd970e2f6facfde938d7d1890ace409","false","score_below_min"
"1379063","robbyjazz","0.17","0xcf9af848e98f5dbbb381f0e87b6d80738a91098d","false","score_below_min"
"1197009","anugrah.base.eth","0.53","","false","score_below_min"
"240020","streetz","0.83","0xee3522db3fcd9ec3c1bdedd4e96daf792d8f0b48","true","eligible"
"1067317","kokmeto","0.56","0x1c179300aa1d38d8160f223f2707949f00503230","true","eligible"
"1328747","amirjazi.base.eth","0.48","","false","score_below_min"
"1281837","goitom00","0.14","0xcd891bf96d70f36267e775769c0ac90067ca8241","false","score_below_min"
"897704","nakshatra","0.71","0xf619ddb6d0c52cc083aa9fece2943d04f671bf7f","true","eligible"
"1382106","dimauro.base.eth","0.35","","false","score_below_min"
"967752","sanjula2001","0.54","0xf27014f177f19c5932ab619f087a7f3f3ae197d4","false","score_below_min"
"1128315","ryuthy.base.eth","0.32","","false","score_below_min"
"410365","tonysilva","0.29","0x814ea39ed54aae1357a80369b8fa852d5da67b34","false","score_below_min"
"450060","sasim","0.55","0xaf870161cee20b9b04ae4aeee5b623dc56d26e17","false","score_below_min"
"425865","cryptocaster","0.95","0x90866dd1e733af642d56938dc6998670d8cbf183","true","eligible"
"954784","bitswagger","0.78","0x699f325b644fbc3b7e4be90a70946a750252e157","true","eligible"
"1335246","heking.base.eth","0.32","","false","score_below_min"
"10920","paragism","0.66","0xc7964cf98eb028ad27855c78b30e2474f920f7e5","true","eligible"
"1065161","vellia77","0.78","0x787e60e6fd52459292111297614a6f8a360f2f81","true","eligible"
"898185","revoxrexx","0.6","0x27c297a21efc5d9e98a5c74930f3011488536ec5","true","eligible"
"1375836","cryptoinseder","0.6","0x9ee201139fd5fb5e35812acbfb99835a9b0fe2eb","true","eligible"
"242090","at79w","0.96","0xc18537d069feeb6cd32cd06834669069838aa3eb","true","eligible"
"209707","greentime1","0.86","0x083bdc85a2aab9898f5d17a853202e57b6d76891","true","eligible"
"1367875","mysunone1","0.27","0x390c28a26bd4e2f6aa96704e551d6f3d4aa74c28","false","score_below_min"
"1370581","daiacustodio","0.6","0xfcdb4d3a3881a77e8a7d7310169eb1004c763b62","true","eligible"
"844945","misterram","0.37","0x9360f9240b88293074fde4fef3285e7e74dcd9a0","false","score_below_min"
"1334257","mrfreshz.base.eth","0.64","","false","no_verified_eth"
"1112291","dgigool14","0.12","0xfee69386d6d699f141debdc367fa5daa599036fc","false","score_below_min"
"1376138","godreignsofweb3","0.53","0xba42e31f3af653b039427ce3e3197a1c8e7742e3","false","score_below_min"
"1341059","bokman.base.eth","0.11","","false","score_below_min"
"1134361","madosa.base.eth","0.16","","false","score_below_min"
"1097209","zemlenika","0.2","0x8e3c2b5c628f971c2c7d7769d0602aa02aef8d12","false","score_below_min"
"498981","silverr","0.54","0xcc459846ff7587a972caeff28315c8d20390c4bd","false","score_below_min"
"268608","darkknightutk","0.99","0x79db69724610cfd36e272eeb415207cac31ae7c3","true","eligible"
"1177232","ninaellis","0.13","0xe7a6f99010daa45f981b618cb8fd24fb7d742e87","false","score_below_min"
"1122642","shhsh.base.eth","0.75","0x834fd0731c609f3165fce30cd001df3c33692198","true","eligible"
"1359341","jenniferrose","0.61","0x48451929db848e9da5552d881e1a48223262d001","true","eligible"
"315981","sadikul","0.89","0xabdb3591aa07b7d533dd8aa546568c573430f5a7","true","eligible"
"550744","rwabrian","0.3","0x57152b75862340aad8bddf4c47a272f4b6b7986d","false","score_below_min"
"1327341","daiacustodio.base.eth","0.4","","false","score_below_min"
"1138973","ronira.base.eth","0.3","","false","score_below_min"
"1362183","fgsued.base.eth","0.19","","false","score_below_min"
"1356794","username05","0.3","0x4c0d5e9caaeb0cca9e5c2c9a90176d67cd4e69e8","false","score_below_min"
"1167907","brokensociety.base.eth","0.31","","false","score_below_min"
"1341058","parsa67.base.eth","0.23","","false","score_below_min"
"1335531","kurd2.base.eth","0.16","","false","score_below_min"
"1370366","sabana1","0.18","0xe16cf83e442bfc8b91a50572571b621b97af1807","false","score_below_min"
"1365589","wanshwa.base.eth","0.09","","false","score_below_min"
"1066589","untasspanamorr.base.eth","0.81","0x1fedcfd24af4a78d8c04bf49b7418dc4f88a7a3f","true","eligible"
"1164118","madguttsuwar1971","0.04","0xffb9703f71dec2a9373ac6d59753619914a087e2","false","score_below_min"
"867011","sangdo","0.65","0xf636be2323c2c13a8fb84a090256b316f4392673","true","eligible"
"1064009","zakie4u","0.98","0x5143f2585bcf01f7d8d61ca70c378648db558064","true","eligible"
"1122259","fahadd.base.eth","0.63","","false","no_verified_eth"
"1125085","sabbir1300.base.eth","0.33","","false","score_below_min"
"1209080","skylogan","0.13","0xd1a2108fde3663f14a91ef611befee7021f47a38","false","score_below_min"
"1353957","hesami1377.base.eth","0.17","","false","score_below_min"
"476422","alpoo","0","0x383cf2ad1b2863f242be9f07e53a0dd21184b3f4","false","score_below_min"
"1323135","fabianasilva.base.eth","0.27","","false","score_below_min"
"1173391","persianeth.base.eth","0.46","","false","score_below_min"
"1115615","simrann","0.43","0xb91144c7508de6c726a937ff5244255f7844cc35","false","score_below_min"
"1366843","verififinance","0.31","0xafd9ea299d2491da1553f655e3e276e1a1f61344","false","score_below_min"
"301776","mgx","0.68","0x904944e8453dbe3eb7e9ca6ae15612fc4f49a8cb","true","eligible"
"1094101","oceanwavye","0.39","0x80b07bf919d2db241c233a9960933b59d1c6f58a","false","score_below_min"
"1163941","tmskg","0.52","0xfe296765ef0da061cb29202a6187dc4a4967e13e","false","score_below_min"
"285781","yarramsetty","0.7","0x203e3fba20387fdff31fa050e6fded3227cd82e9","true","eligible"
"475869","karma1","0.01","0xfc325937f37378c2c827c9c3abc10d402aa5c7d0","false","score_below_min"
"650620","bobyboby2828","0.85","0x66d844d651cfcc593663f003dd259d7812071b00","true","eligible"
"244039","zakir71","0.97","0xeae06f08800c01cf4ed888b7cb359ac3249d9442","true","eligible"
"266513","murtaza71","0.94","0xc714e0dfc3f82321b1033d202a3ad02daad10f13","true","eligible"
"308343","fayyaz","0.87","0x4f478cbeb659e30bd33e63b7880a2c50fc13c4a3","true","eligible"
"384206","digi1","0.52","0x3086fde2c9945002610a9013ab815e6d1fbe0cfb","false","score_below_min"
"385556","0xrobot","0.81","0x9a32601eb30cc7bb17cc831c18bd5d1388f428f9","true","eligible"
"441451","apemax","0.67","0xc719f03f0e6a22e95e8a94b7b9f992d481435d7c","true","eligible"
"288461","mdshaon","0.78","0xb3bc0e8a321d78c36e30a24a97940d532e5902d0","true","eligible"
"267671","ccv","0.97","0x0bff2342cea541817120802b09b2d2f634b20521","true","eligible"
"880473","profkavosh","0.86","0x4f670f80357ffc51cb49d04fe55aa52baf102c47","true","eligible"
"478685","longlongne","0","0xb7c21434e061b847fb588eb26439dab2fd23b77f","false","score_below_min"
"564728","broketoriches","0.53","0x71cf006081edc3e8829b9dcedbeeb8ecebad8577","false","score_below_min"
"301340","kdaniels.eth","0.99","0xaac60c858895befaf42378467bc9f3bd69c5efae","true","eligible"
"1325354","veylsilix","0.36","0xdb84b64a88cca3b7a3c37019c63ccd318dca57e8","false","score_below_min"
"1360245","beekeeper91","0.34","0xfb499e18d0f542b622a21b135105e8ad7ef451fc","false","score_below_min"
"433216","ronika","0.52","0x7741f0de2fc1d8cbeb560c94922d62b0b1e30b56","false","score_below_min"
"1049927","cartoonmeseries","0.57","0x4ba58317b1dd49a050668e7fcbf3569fba6b97b9","true","eligible"
"387719","drishka.eth","0.94","0x9f80825a2a234cf3c7484b6042e572f707dcb05a","true","eligible"
"189949","minhtung","0.8","0xdca6535094676644882f4a3c8296b64116fe31a8","true","eligible"
"1111249","chengsengchee","0.77","0x35c3a97e5c8327ae68455d76988171930b3ea3e0","true","eligible"
"311822","bedlam520.eth","0.76","0xdece49ef08a75f02499d965a36eeaeffcdd3d483","true","eligible"
"351756","bmummpy","0.57","0x041babb1495fbb106531b210c5abf354986ece0b","true","eligible"
"200838","mstraxxbeats","0.37","0x3e9bfc5cba96eeb90f17e3071651a7de798d7678","false","score_below_min"
"1351376","laela69","0.26","0xc9a5368cf659261252e4b2beb5a6fdb2f9869478","false","score_below_min"
"352718","erfan1","0.47","0x3622450d624014e15e4fa2a396a0216d298eeffe","false","score_below_min"
"1114895","metamore","0.36","0x7a0c48bb788b7dcbc62c582f99eec3ae566f7899","false","score_below_min"
"1101924","solanamarket","0.3","0xd683cb6b374b614146e3f98ad5cc879ae6ab95c3","false","score_below_min"
"1064786","xsenpaiiiiiii","0.29","0x272d783727f54e65f4874068cb81f95ac1ab9f9b","false","score_below_min"
"1097919","vandhoe","0.57","0x17e6ffac3a4645d25d9823036c02e7bfd931bb87","true","eligible"
"320189","drakhonen.eth","1","0x11bc6e6e4739c24332c5d384f939f2da3c06b130","true","eligible"
"1145923","rasya","0.18","0x0dbabd5fe9e5ce01c44e2f9c76758612e1dbccce","false","score_below_min"
"267642","hendy","0.81","0x9fbf06ef704fa5aa3b5da008ce8f115c8726e545","true","eligible"
"777726","dev9a","0.35","0x4d58a395d58f59882e2d820fe0b0c5269727b679","false","score_below_min"
"1228725","alhan","0.27","0x1b5785842e74a42404cf3a4582332fbbe777498d","false","score_below_min"
"235390","minazuki","0.83","0xe6543e28ee030ff3b12b964030e847798519a024","true","eligible"
"481211","ginansundanese","0.27","0xe8028ffd1d8fe2784f294398af920ffbadd7d678","false","score_below_min"
"1355313","mrsaud.base.eth","0.25","","false","score_below_min"
"1084615","kingdropsol","0.7","0xa94a2c5c7cb6b79df57787c9db44f01364465bf1","true","eligible"
"492032","jinwoopark","0.86","0xf8a33a86af4fc17f4fcfe81bf815c802510700bf","true","eligible"
"487493","contalasa","0.03","0x5ef1ed5a55d621f9f83ae0d4d777ef86347098c8","false","score_below_min"
"365716","huj","0.84","0x73d52bf205839bb5b090ad68d8691a2462492bf1","true","eligible"
"812705","ck007","0.58","0xc26bb2890cdaeb0f695c20531affd66dc300deae","true","eligible"
"1353875","toucs.base.eth","0.24","","false","score_below_min"
"1106257","bombiee","0.29","0x76c81973dedfcc4b803f664d73af77ce79e739eb","false","score_below_min"
"207297","banderas6","0.43","0x827c812b05d09565339d88b025fde8dd25e96404","false","score_below_min"
"1032950","kolij","0.33","0x327da29adbf63e19b979654deac4089ca4371bc8","false","score_below_min"
"1336462","gikoop","0.17","0x1b9a2a3f334830aaca3787638fbd05262611ae80","false","score_below_min"
"1239898","kimjy925","0.12","0x2cc8b0b4bd543f47559a591edae831fd927d2bfb","false","score_below_min"
"445796","drmat","1","0x6d538c0db342c493f864a42d6e5696a3e5bc8047","true","eligible"
"1111623","onaysat","0.15","0xf4bf19f0283c34a43e84c0c9914cafb8d68f8712","false","score_below_min"
"656904","venn1201","0.34","0xae30b12caeaeaa1130d61ba81b64aae6dcf6ba7b","false","score_below_min"
"512380","artstudio48","0.97","0x796af61116ab898b4f5c9f6fad15313f52977c2d","true","eligible"
"304687","weyji","0.46","0xcea7ce680c026c7ed136cf32d9dc520815079388","false","score_below_min"
"1032507","jihos","0.35","0x3ac68d014258358bcc167dba3e0fb526f8b4333b","false","score_below_min"
"512551","redroze94","0.57","0x8a25b532c1fbe8ad7d16611b7283b1c90fe8122f","true","eligible"
"1070171","angadjawad","0.21","0x212aa91e6eadfb689b48a3b344d51dca3d69e92d","false","score_below_min"
"1346274","sousou007","0.37","0x587b3412a5a4332a408d5761e72fd51fb873e6cd","false","score_below_min"
"1031876","flowbase","0.28","0x2efe3a782e602649c44cd316655501f6390a49e4","false","score_below_min"
"377020","moris6","0.57","0x77b7afcb653c07fc89656b8b4845635c2b3ce382","true","eligible"
"315225","nmnima","0.73","0x2667b25119e38e2d308ea3685d67a38a4f8021a5","true","eligible"
"1132473","cranck86","0.68","0x3f59ca9f94a7f5c40a3e679ecbf536c6178b18f6","true","eligible"
"1351812","nubtub69.base.eth","0.41","","false","score_below_min"
"1270734","sheam009","0.38","0xabe57194d63b454e8e4c004a784ce7c21b094315","false","score_below_min"
"14253","paydar","0.98","0xfe042b1aeb471cff2e1a6709e5682533d19cbcc7","true","eligible"
"380754","ashy","0.46","0x49fd35d3ed53706b121b82107f30b603b7899d1e","false","score_below_min"
"365859","kriptonesia","0.24","0xa9f09c1e61217448afbf4f9cf467baefe1d4e79d","false","score_below_min"
"1088194","mojubreen","0.56","0x3635d5c049cbb0f2b1f356f58cb03e29930157b5","true","eligible"
"229801","poke","0.7","0x0af44f107dcb69f228c14c28e124140ad77407b5","true","eligible"
"455965","nhp","0.98","0x5f38c6bb41423831ed47e3ba7f9794a35ec2afb9","true","eligible"
"441960","jacobellman","0.93","0xb3a87f9e469ed58df6bde34b2dea438f5838c52b","true","eligible"
"669960","mrsgee","0.67","0xd37b859f91ae02e7c86e9c4f5eb32a65a3d9dccb","true","eligible"
"236443","kosiris","0.95","0x60a9862d3cfaa3e422c6238c5ef1d26ed7507b1c","true","eligible"
"1117113","jeyloo.eth","0.97","0xceac422b0db8e2924824b5ca4741c464b9b7b6f4","true","eligible"
"251776","tutut","0.41","0x0b6e71ebe70b21127d9a3ffbaac023ba9058a4e4","false","score_below_min"
"1063005","koyang","0.27","0xa0b71445e43671e56db3ee081f11eec6890a6963","false","score_below_min"
"300926","pergikeluar","0.42","0x7acf62b81416727c17af549d04e109075ed00fc1","false","score_below_min"
"387282","hadisrad","0.64","0xffd090bf2a3effa0c720d8f9eebe2c78f04742a9","true","eligible"
"1111670","diest","0.4","0x067b54a09e923ff48c9b48d4adce91e030de75d3","false","score_below_min"
"271980","skipperbtc","0.47","0x62d0a468d174d9ac6d8c3ab5eccb675097ef2b9e","false","score_below_min"
"1057524","imanuelbuchi","0.64","0xb6ead26988c6b17d3b04d556aa893137796e416e","true","eligible"
"294918","commodities","0.52","0xa91903ba2eb4dd93f734bd40e25fccccd32c7a47","false","score_below_min"
"880427","sashmash","0.63","0x0a2427fa7f2a56cab87708f830f5801c1c09ddc7","true","eligible"
"1047423","adityaranvijay","0.73","0xbb681a58732fd1d93cb1d95072b2da9628cb0236","true","eligible"
"935633","onimech","0.19","0x8edf9d4d3777fb2887cc24f2a6962d09151bfdb7","false","score_below_min"
"1145261","nevergetrekt","0.21","0x7ab90e02eba30684e32495747fb5ffedc5a52057","false","score_below_min"
"875650","braza1","0.48","0xef330150ab4c32e5e770334e942c212956d7f934","false","score_below_min"
"1119808","brushmear","0.52","0xe76a46195562b62197e262aa13ac2779591c9125","false","score_below_min"
"456355","negin1368","0.86","0xd51e5909ceb373e782d7c346623b6c5605111dda","true","eligible"
"337781","manempowered","0.74","0xa118214350a7f63d6ef4e261a3d60a063eee62be","true","eligible"
"303577","hoki69","0.6","0x93a65633a725fc88b8a2a21eb844efc7a79a0241","true","eligible"
"346238","xcampioni","0.46","0x1766e49102c4ade5440c2c51d277be25d17e3e11","false","score_below_min"
"19613","fractalvisions.eth","0.97","0xc17fc70370ab7cf81865057bd1dca966cd1a9aa3","true","eligible"
"541936","zuny","0.57","0x8fcd8a4ab80fd0b8a4cbf506ac049b03b8de0fb8","true","eligible"
"1075728","hamadaafnan.base.eth","0.38","0x5f88ff04dc67e8c642cfed861be59b676813754f","false","score_below_min"
"1334941","rangerputih","0.34","0x4008deaa964d94cc95620fcafcd06eeaf8dc37fb","false","score_below_min"
"14871","themrsazon","0.97","0xc3c7202ac60523880f40ee9ec17f8d8e3337c380","true","eligible"
"1087818","alokobi","0.53","0x0cc66319d129f887bd1d3fe58e10400ed1025a79","false","score_below_min"
"1345166","savage12.base.eth","0.08","","false","score_below_min"
"8914","not3nough-eth","0.88","0x4accdfd779e8fa60a3686030a6eb36d663399e13","true","eligible"
"380885","cryp2romz.eth","0.9","0x2f10cff66f98860ad46f5ba4e71eb341fb187a55","true","eligible"
"531679","tilt2000ps","0.51","0xe1afc204385a23af39275d8096b75718bc34e980","false","score_below_min"
"1109414","capcutpro","0.42","0xc1bb2e4ace2a7ab49734f8f3dc68856544ca8e4e","false","score_below_min"
"677707","oyale","0.75","0xbbcebe0382ae0a85afc1dc9450f323fa48c2fd96","true","eligible"
"266153","deathnotes.eth","0.93","0xab4f01e48d3304516ba6b925132d8695ea4fa657","true","eligible"
"979652","rehankhn01","0.88","0xcbcb64cf207b1762434f2ace17b0d0b1726d457a","true","eligible"
"249432","hdr","0.81","0x35aaab0d9eacfcaf93d84a5b563f5ba73ef27ef8","true","eligible"
"1117906","onecommunity9","0.2","0x3d20802e3ca4939d5ca065d55264ec160fff5bd6","false","score_below_min"
"713670","omen0888","0.52","0x050e9a27a64a073afda17c4ff6f4900360c5bcbc","false","score_below_min"
"1109926","hayrodal","0.53","0x7cb94a4e9da5c31a4a3d829ef11939a16a762f31","false","score_below_min"
"1106757","yosopov","0.44","0x4d1c947ac3fac6c2c7b89b0b14c54ef43361a9ed","false","score_below_min"
"271946","kindkknd","0.96","0xe2bb7f77bef73b6c4bae8e9460462cdfa5be151b","true","eligible"
"1238229","duckphart-greg","0.22","0x36894e4c92681c642d59c801f2625bf635ee7363","false","score_below_min"
"246962","jimicohen","0.96","0xfc9265a28f66cf4561d74a4e25d7bbd3f482b8e6","true","eligible"
"450477","wolverinet","0.46","0x0fc336c53e6cb414575ff216a9dd7fd3085373f9","false","score_below_min"
"263738","bajinzki","0.53","0xb7164d689c4959087f16b15976eb381ebde50dbd","false","score_below_min"
"1105590","opeyemii","0.45","0xd23f14d140ee3cc9909c6bfc74c93ee8accbb087","false","score_below_min"
"1042494","babartos.base.eth","0.97","0xb37bf0176558b9e76507b79d38d4696dd1805bee","true","eligible"
"369495","lifesaylor","0.79","0x701377685672e38803cdf17b7f4986bafb5937db","true","eligible"
"240260","nodes","0.95","0x9c9adcc2129b3f0c299e0fc4e23d8b51ae22e183","true","eligible"
"845356","dimapas91.eth","0.76","0x775c69eb45bd329da933780a5caab26916606bec","true","eligible"
"1336691","dammielarey","0.18","0x61e1b43149d69036c239e30b1b65f39cdf412e8b","false","score_below_min"
"1024313","saikumar2002","0.25","0x249d5fd5fe0043bc383a080546b0203e27570412","false","score_below_min"
"853424","dhammrr","0.7","0xadcdb97cf704b63f32f0d63452f4edcc6cb4fbb4","true","eligible"
"467118","13th","0.29","0xb07e4ed82595a2f35a32762ee2a92123ccac7137","false","score_below_min"
"1122953","muzamil.base.eth","0.41","","false","score_below_min"
"404703","jawarpe","0.78","0x568777c80a34a32c7e90c9b05edc8732232c7e94","true","eligible"
"430082","0xabir","0.66","0x53ddeed4ab88e5d904d16432c096dcbd94753e84","true","eligible"
"307163","caplockbase.eth","0.97","0xf1a871af236ec0da070c3b09302270ccf4e35794","true","eligible"
"1107361","blavkarma11","0.18","0x0d97c8c13d48e1ed23f7e28e84f7460d8355df43","false","score_below_min"
"204434","bigbosstyron","0.23","0x18a8b394ec9b6eff389f3122acc8078f9299ddbc","false","score_below_min"
"1314460","ms-clipsi","0.44","0xd9f2377b54d5f567f2bac362e3d72934e42523f1","false","score_below_min"
"229658","userbox","0.95","0x2c58f853b21becbf9abb59995c7ae33a6750bd0b","true","eligible"
"1082483","mahanazadii","0.57","0x6d02512855e2bc5345eeb92486221b6e69eaf211","true","eligible"
"324395","brybrye.eth","0.99","0x9e866cca73e7c7a18c42457b25caa45d8d10aa5c","true","eligible"
"1159246","rjsumon","0.28","0x9efd3fc4cc07d2e6c5aa9b0ed6f65286a4d1093d","false","score_below_min"
"427349","dosir","1","0x644e09bea250a6edd577271b0be08d5fb29f716d","true","eligible"
"311845","reisub.eth","0.99","0x11415669286d998fd85a2a6146c41f6be41a794d","true","eligible"
"1103510","godam1","0.41","0x295ebf8b37fbd57128c69225b7d1ea596dcaa72d","false","score_below_min"
"1088084","medob","0.33","0x2497d0ef68d531c93fef5fd8f6fde826926dadc0","false","score_below_min"
"1064776","shayed71","0.7","0xd280d0a6977a293e1a00c724858dcd97b95ac631","true","eligible"
"843630","leventis","0.88","0xa35d653a6a50291e1647a36cd6323b74848cc672","true","eligible"
"312874","itsltlthings","0.9","0xe043bf24d5fccf6ff829b2d037179d0420310e84","true","eligible"
"263574","tonyminh","1","0x5b3cec6a5e219674d4485be572cd3faae338bfc6","true","eligible"
"409573","memeceo.eth","0.98","0x199554ccb0c7e11a8c5275a41f3e61a92c235846","true","eligible"
"845998","sdino","0.43","0xe2e75bee07c0d95c7669a5362bc36f4ac784d02b","false","score_below_min"
"262825","ahadul","0.78","0x4b85201a69de75d72b65c1c9db069cd08fab0792","true","eligible"
"1252503","cobuild","0.94","0x1563eef7dc135e7d8c6c6793eb5538da5ca6e596","true","eligible"
"1061658","hajalizarei","0.28","0x47ed95e6fd81468c39774db847678f617da451a0","false","score_below_min"
"1316291","ahmadalikhan","0.43","0xde706176ac2b84aed268a41b51c719a9ebaa4e59","false","score_below_min"
"902746","nasran8","0.38","0x79cb83e58c53b61cef242844423b7c5dd0c2e415","false","score_below_min"
"322860","moniruzzaman","0.85","0xa32b7fa0a5b3a7630be3facbfd61c2f674950ffc","true","eligible"
"1128110","javspherepepe","0.24","0xd74dd55d7766ea3f56b5d6cfb4df34645ce7c4da","false","score_below_min"
"1314097","4exninja","0.27","0x2e9fa55c35e1af6391f5597cd965854d9c15a00b","false","score_below_min"
"15798","cyberelitex","0.93","0x91c2232f8eab20b21aa95c325aaf9aad639ff486","true","eligible"
"1314423","nagarani","0.14","0x68919c26e83343e7623776e8aab03db6b6543ac2","false","score_below_min"
"688178","brownskinope","0.71","0x921d49ad77c58b91403c2a2c34ccd01372e21ede","true","eligible"
"267693","aichaindev","0.41","0xdef8de1110a2038fa9ff863c3ec471847315fae8","false","score_below_min"
"836625","blessskateshop","0.85","0xaadfcfadeaf8424b7a3d345c3131ff0e975ad09d","true","eligible"
"20138","fcarva","0.89","0xaaed9fff9858d48925904e391b77892ba5fda824","true","eligible"
"1270647","oldmanofelmet","0.52","0x0b60167a8c132d2385dfbaf735b893c50d6efbfd","false","score_below_min"
"888823","sethnuno00","0.68","0xef2c19dca414511ecbbb9fd8d0b201d293d341ab","true","eligible"
"379811","tinaaa","0.64","0x4c5d9bfa7baaa68b992204092ae036758af59026","true","eligible"
"1312726","valy79","0.43","0x00ec02c92fc736da4e1e8053001f4b7da839ef5a","false","score_below_min"
"11552","alecpap","0.96","0x82ca1976bd5b5a35a1bc52d09467e3b962bfb9c7","true","eligible"
"5644","ebeezy.eth","0.97","0xe41f56122d44f63c4492096d54d8be96d600bb06","true","eligible"
"238425","rocketman","0.97","0xf5179fcf14f5c233689b0b4e9b7b03785ecba5a5","true","eligible"
"1309023","amelani","0.42","0x62cfcbb81549301f675ae3b1f15d960c911d222f","false","score_below_min"
"831494","samoa","0.52","0xeaebadbc6086471c9e019e8fc104480fc0104059","false","score_below_min"
"846009","tatake","0.71","0x60e943598ed671e8f9d57f1d482f3c68165ae953","true","eligible"
"1146083","bigbroali","0.66","0x7b12b2f06c694e0e7e1060e9628ebd36de519351","true","eligible"
"1303256","misya","0.33","0x55805a61602ca4c3e6e478ecf479874cd3642de3","false","score_below_min"
"1269690","farquiz","0.47","0x70845f21890577ebce814c98be2686d77a114ac9","false","score_below_min"
"1233229","cillibirisi","0.61","0xe90b1fcaece845364a6e701c1960b7d6551c666c","true","eligible"
"429769","anggiramadhan","0.32","0x72cc3604d7c951dfa173bd2f7c7f0b79828048dd","false","score_below_min"
"1096584","bbmeme","0.6","0x1f8ee6393a5cf6cf8e96b8a44e4f5d0ffde56444","true","eligible"
"214561","chaunzey","0.52","0x76e13fa816ed1d184e7fed04d7d4f1fa45d3ef40","false","score_below_min"
"1285476","tillyn","0.24","0x8b4ec234969a5633ebaf856b2c4dfaf41588304b","false","score_below_min"
"1146884","gangsterspace","0.34","0xca6b1b6fe7766d6d2e4bbc9e95fb89fe9a21ae96","false","score_below_min"
"1247575","base4eth","0.21","0xf035578c5c6412b301adccfccfc07706e2cbb064","false","score_below_min"
"1146437","moketa","0.17","0x4372b5668dd11809aba2d470e5e69f9bc09c326f","false","score_below_min"
"389808","disky.eth","1","0x9a97068d25987ec6ba36afb3f36a9c784529526a","true","eligible"
"1246802","rajipriyononft","0.34","0x39abba8f5f73f95a212237f5ad762c24801b5206","false","score_below_min"
"796238","aobrand","0.37","0xc03763260466dec8e53aeca6f26049b8592e0d0c","false","score_below_min"
"1118912","austromartian","0.48","0xf18cadebae87bd8c7913be822ceb20fb649a6f76","false","score_below_min"
"1090169","bropat4jesus","0.12","0xb0ab225431009d17e938d9d5728079f768afa91a","false","score_below_min"
"277636","hustletrees","0.99","0xf6e9c766cad8b6ecf06accf64b57f92995be6e50","true","eligible"
"267104","femmie","0.98","0x9467b927697024ae0b66c8635d967db0acc3d96b","true","eligible"
"1004506","sanjisaturo","0.79","0x82ff7943c6f33401c2918f88923858a4dddd7f6b","true","eligible"
"1020976","joker4fun","0.87","0x26bf81b208103d20013e74948fe4066aae49c216","true","eligible"
"1253819","bearalways12","0.18","0x24310763c3a858e6d70f2272826ac32fe9460a57","false","score_below_min"
"1002543","rickxbt","0.55","0x356e9aba669d1ac833803bdfd802034bc2cca42e","false","score_below_min"
"307092","0xnova","0.49","0x9d18953831757e5b8c80a81477be7e6b275b5276","false","score_below_min"
"213881","rockys","0.24","0x0467cb52236315772d0f5d655f65b36462f5be1b","false","score_below_min"
"439015","ifun","0.92","0xc2188f6d67fed5f32feb14b8f3520f058e978551","true","eligible"
"314062","pktdat.eth","0.68","0x2585247ddeb117710094111906aa2d1ff223a032","true","eligible"
"1162686","hastirad","0.27","0xb9bc07b620a05acaebeada6ddc6a601065a28abe","false","score_below_min"
"858056","phillysrael","0.43","0x34b6525023f06812ea2889f357bc1e0170620d21","false","score_below_min"
"1235499","chibunnavincent","0.42","0x133b9ed05ac48df01a27ad4a40601bb119b5b44a","false","score_below_min"
"1082268","sftwr","0.61","0xc2fe76df4335c570960b875299ec958819b9e043","true","eligible"
"1170286","davooweb3.base.eth","0","","false","score_below_min"
"448502","nimaleophotos.eth","0.98","0x000179fe59dbdc25c4d399c16c5c6b2d9a32093e","true","eligible"
"368483","cgardens710","0.74","0x9929ea260f9bb09486f318c922d85353059f9e0e","true","eligible"
"1231616","hutami","0.34","0x85fd62b41ca59f27a9b7cb1489ee0a10e64bf969","false","score_below_min"
"251619","0xfrt","0.66","0x99344b575b83360410a0e4dce75189edecacc824","true","eligible"
"947231","waminbro.eth","0.45","0xeece8172927579400fa1413dd15ae9f29de381ee","false","score_below_min"
"837386","lawrenceeth","0.55","0xaf2d7487b3657b5b43d723a4ae08914f4e0edb6e","false","score_below_min"
"1124307","zeusdev","0.88","0x9d631fc85420f4c1f742093f081d51ae63b7e9d7","true","eligible"
"1041984","mdaslam1917","0.81","0x19da563c69f26f3fa3711477ca6c7467b5f768bc","true","eligible"
"482984","nushinomidi28972","0.9","0xc947b00d5646d2d0167100c06dce3bc638b4253b","true","eligible"
"1073358","vkassurance72","0.6","0x4a5ddfc28e1d0f7d9767851b666af9178e4ec4ea","true","eligible"
"1135843","stephenxavier","0.17","0x379d958dbfc262493ff83e766e3108502b640c9f","false","score_below_min"
"312758","matscientist","0.49","0x6e5c026be9eed261b90f46903db438bad3cb2439","false","score_below_min"
"1163976","mitra116","0.57","0xdcc36cfac535696afab825bd02d75040fab1f7a2","true","eligible"
"1023346","basednukem","0.82","0xcd7edea4be83d02db5cfe0079847581723bb28b4","true","eligible"
"1101604","zk420","0.82","0x617e1cbaf2441f971758740e4c282f576f3a3718","true","eligible"
"239619","kontilag","0.45","0x7df583b99fe137b1ead0014989e3be27dc0f9434","false","score_below_min"
"8151","if","0.96","0x980cd99311f3b3264f5dfdce33d204a8d6d492e4","true","eligible"
"356019","flyinbanjoplayer","0.63","0xf76ff1c0fe747a170baaa67b090d61d47023a215","true","eligible"
"427102","bisaswar","0.66","0x4984856cc0d328be9c42a4a519a620916904faac","true","eligible"
"1136651","just-tina","0.19","0x8d6561d8d3a4b72df8b489b7a40e782da49e8ea4","false","score_below_min"
"511766","queen-medusa","0.36","0xc591ddf341e6d250172f25798c2473ac00ebac45","false","score_below_min"
"252847","55666","0.31","0x4a2496605a8a1213ec4b313b9c886b2e7d4d710b","false","score_below_min"
"1052782","alexanderdgreat","0.6","0x772ab5e41e03752f48bac27f29823600c37b2e5d","true","eligible"
"1178745","hayzed90.base.eth","0.42","","false","score_below_min"
"484486","mrsa","0.86","0xbb09c5e6809baf55013475cf94213f4137c80f4d","true","eligible"
"875885","pranta1000","0.8","0xb230ffc4fc091bdd41d83d54eb4f7c0f0cc147a3","true","eligible"
"262255","spoiidy","0.42","0x62a7e08ad1be6282e37d663c7079005787c07ed9","false","score_below_min"
"1163948","swiftpixel","0.17","0x67ef6440c6e00d047ee5e2db252752d599562a2f","false","score_below_min"
"502916","juvelir","0.59","0xe7a6f2a51de5ae0c6ea17b5ec3c44cecbdf2dadf","true","eligible"
"423255","minchow","0.98","0x756c338c3e3890288846e13972f2a49b7f90e83e","true","eligible"
"1054255","manuelito","0.13","0x05274b5bab17118490deb5d0207aebbd7d3060b3","false","score_below_min"
"865202","kangager.eth","0.21","0x6ecd2aa155828f6ccd63239935cdd1848ece79d7","false","score_below_min"
"481900","salamcryptobro","0.49","0x27577fb50e170a1b324b485a6800ed829f4e70f4","false","score_below_min"
"535785","cashlegend","0.52","0xa9203f571fd895a1c949396f5ea11b642bc5849e","false","score_below_min"
"1103170","shinnn","0.33","0xfe3288fabc5ce3917612c0bef30edb0de473963e","false","score_below_min"
"14366","marygh","0.82","0xef5ed4c180bd3bff857ac50c66a65a2ee6e3d998","true","eligible"
"1074040","sts12d","0.16","0x8e362f17bf68b4a7713f335289a79cb03babf60d","false","score_below_min"
"474817","attilagaliba.eth","0.96","0x491c630d4f81f7f6b1e577a5a673583477b94188","true","eligible"
"1151152","bigdavid99","0.2","0x255f4e23e4a9902c6fbed2462304f9804c4f8cc5","false","score_below_min"
"417384","aadarsh","0.91","0xabcf21dd7d027fb6b04ca0da1d0fb2ed8d6d4701","true","eligible"
"468732","shivala1370","0.79","0x75f8554d24cc7204414cb21ee003105f7ea6a0f0","true","eligible"
"573392","kalki786","0.47","0x46b983a142ccc48c89231ca1072ec760eb81ce6a","false","score_below_min"
"674253","tgfbhdgsdg","0.4","0xbac56f6df7c486b9e9c4e1d0d9f65d6ef27476c1","false","score_below_min"
"1019945","digitaldogg","0.91","0x9dce7e35640fb10696949a5e1fc8c8e0b511a994","true","eligible"
"385955","degenfans","0.99","0xbc57373c9b99524f6300664e2602a0427a9ec0db","true","eligible"
"540142","goga555","0.23","0x1b5ec1b56f1044c017c7f1a9cef236c6e6771afc","false","score_below_min"
"1055311","massive1","0.2","0x4033deedd3c532e2305501c3ac53c68fb7660182","false","score_below_min"
"1132896","elleheath4119","0.54","0x508edd9ebbe11fbd97618a22bbb36023541baeef","false","score_below_min"
"1148520","parru.base.eth","0.31","","false","score_below_min"
"528697","juckson","0.87","0x2734d08d2a9711c414ff2d9dd4c2262ad6d9ba5a","true","eligible"
"1076679","ahsenkhan","0.58","0xf6e8de1e488514e4da3f577625b2ad578309915d","true","eligible"
"449301","milad47.eth","0.98","0x29ec3409729ff4cbed66d69a88ac94234b8c0ca1","true","eligible"
"249629","eman26","0.8","0x74770c5d2a5a4f3ed5413533aede786a3d0b34bd","true","eligible"
"888294","0xfool","0.33","0xd2072bc4b974eb148711062931f3c44b856cfcb3","false","score_below_min"
"5431","esdotge","0.99","0x3cc1a943b27c2af7c6dcf3be0137f66c2f22e712","true","eligible"
"950586","nematdar.eth","0.38","0x931f626fc4a6e993bbd7f0a4d8284648ee5f1f08","false","score_below_min"
"1129898","tuneport","0.33","0x0b3d4c6e2464deda118a9fd08d3c9bff5bdd2cfc","false","score_below_min"
"370406","ntlhutech","0.64","0x900d6d956b6c43d54564dfc7b821c376a7a49ce9","true","eligible"
"1146848","tenmark858","0.06","0x0c6686d073b24ea5eb0d50760d34c123f2ded1db","false","score_below_min"
"1123130","ok32ok.base.eth","0.38","","false","score_below_min"
"518941","flas","0.49","0x560d1aaaf295b6a3a53d254176db569e01d1c177","false","score_below_min"
"412734","dragon868","0.71","0x0713a96da2d7ab7db0bc22f9003a53b29e129a96","true","eligible"
"1129209","worrier","0.51","0x5ca30206b647e94b2fbe09958e3eae8023c80ff6","false","score_below_min"
"506544","fundry.eth","0.56","0x646715452c3f9f8e31318e6d8808d88f756a07ec","true","eligible"
"222479","lupinnguyen.eth","0.58","0x1c2959d2bfbdd7df23dad132430e165c5cee0199","true","eligible"
"1131263","riches06","0.46","0x3b3b02b4624d817166e608fd7132879ad3f276c5","false","score_below_min"
"16715","normancomics.eth","0.95","0xe0ad8c715dbce1912a820233f7138959c84c1b9c","true","eligible"
"1134850","cozycabinmom","0.35","0xe479e584c5376aa856ef0a4b857b9bfbb72d0dbd","false","score_below_min"
"12731","naz1188","0.95","0xeaccffa191f39313578fa08b5e290c366cb163a9","true","eligible"
"1105986","chichit-garcia","0.31","0x002d723e5f22627e9645be3d8a6fdb982f206877","false","score_below_min"
"349228","crezno","0.97","0xd861602fcb5557314fcf0dca576414d2b3f68592","true","eligible"
"239748","vlady","1","0x2e5e1d7d74d17c5ab0376ca1d99cbc5619607672","true","eligible"
"644583","minooart","0.87","0xd60ddcd7c7d3820a7653dfabdf456555c63e13dd","true","eligible"
"298464","sezar","0.93","0x1afcea61042318d6f9ab4cd6801e19960c7c998c","true","eligible"
"255497","phamduytien","0.8","0x93b0cef108d69ca989a66c3c104a38398a5dd87d","true","eligible"
"313938","usama","0.67","0x4180f027e1a0f69bffb918192cde9c0ec44af375","true","eligible"
"315983","homer27","0.92","0x1652c63d51105a9ac631da5138e84ec849253d2e","true","eligible"
"831491","chaeyoung","0.98","0xf6c2f27f8efd2bf75fdda7506593643c1e9b70a3","true","eligible"
"1067305","bennether","0.2","0xd507d2edce5f284c494d47556fd6c1fa10028569","false","score_below_min"
"410577","zwillow","1","0x82f487b71ac65d7a8ef8fe868ac16c2ca524e08b","true","eligible"
"474179","crezzang","0.92","0x50f40e1b8f960657d42bf67f22e47c65ccabc608","true","eligible"
"896633","emarketin","0.66","0xa6a7641158076f3a8056c838aabf8f1f12a5cc70","true","eligible"
"1048590","senpi.eth","0.89","0xa05ec17cb9e27fafb2cbcb95e72be09050fde79c","true","eligible"
"378275","bihukim","0.8","0xccfe27e0a33ab85025e67d18f2de41284ce8c53d","true","eligible"
"1087757","fyj678","0.45","","false","score_below_min"
"894442","sevd","0.29","0xdfe8be4302182de2dbe57ee7de9c94b7fd5a7476","false","score_below_min"
"1026833","momonom207","0.24","0x429b11b19b04b1fe17fd6bd3a3557ac45e8e1ad9","false","score_below_min"
"1116005","mnvvr","0.56","0x1792d0f47720693a56a477952a4dc57f0365fc68","true","eligible"
"528280","blueswing","0.56","0x8af62160fd3b1e2166de1d691efac7205da7457d","true","eligible"
"799745","drkhanh90","0.54","0x2c78a5d205ddfecc5bb7160d602c0639cc093793","false","score_below_min"
"565068","yougetnone","0.92","0x3c0ed9ab1a12ba804900da2807c09b8afec10f67","true","eligible"
"651924","volodymyr2202","0.56","0xfc09be2db0a0e2c09517cc23faec0bd9f4e667eb","true","eligible"
"493501","fcfsproject.eth","0.93","0xdb12b7b9c92fa3b2e44f40b15bdf441d80c78373","true","eligible"
"276961","sihab","0.77","0x37eb7f3f5ba1a056ac29ba4feac15da050451613","true","eligible"
"1118375","nfteducation","0.29","0xcd71c126b3b3816dffaf6b896211584e364923da","false","score_below_min"
"1022001","fedesendra","0.23","0xf8ac7c6f057a68987afcdde954670a634bf6f913","false","score_below_min"
"1118793","ocb24","0.51","","false","score_below_min"
"1077850","konnakolpro","0.25","0x8b5897bc62d0b1d7931a2b084c3607a92c0444b7","false","score_below_min"
"1118697","dagi2010","0.5","0xf00f000081eea3272c7ff05f615a00e3b450c7e0","false","score_below_min"
"1118685","seskafella","0.5","0x2d1dd6efa168137eb5caeff56aa852d781e76127","false","score_below_min"
"489626","conedesk","0.78","0x93d65ba301f155192847a86c20b07e5277977c03","true","eligible"
"898521","jinze","0.44","","false","score_below_min"
"434268","hamedns","0.97","0x2b07789f279e8e5cd64413417a247f8a782331a6","true","eligible"
"711109","fengshuicrypto","0.05","0x3a7b013a5c1a5c9c81a14ca31bec92f2e230741a","false","score_below_min"
"1109357","pragyanoccupies","0.47","0x47ef900d415e9126e9ca0fdb7838fe166f0a61dc","false","score_below_min"
"1116868","stratemn","0.79","0x2722df57340dab87bba358fbdcbaab7bb3189b89","true","eligible"
"1103974","oche1","0.62","0xaaf56ab941b7d683a66b71df087b998d0f9331d6","true","eligible"
"1071510","gasfees","0.67","0x56dfd8cfcff4845707608c833f2ce7081a7ecf43","true","eligible"
"999046","mrbrick","0.88","0x34acb0c4a25c49c1b1beddf5a78c9c90b5d85650","true","eligible"
"1111316","shohelvai","0.4","0x5f7316f9ef9836f493721a9df9e30e039c0f6c59","false","score_below_min"
"271931","azalea","0.9","0xadccee0ce6629e10b38a2fa7881683110f445ff6","true","eligible"
"532976","arotech","0.14","0x3c59b737d644a48f43744b1a1491dd211cb54fda","false","score_below_min"
"855660","catgirll","0.02","0xe54cc0afad9c1167a2674eefe82dbbf7fc968b59","false","score_below_min"
"860323","crybabygoblin","0.85","0x965f7b2fe4ef6e88c56a8e7e9418e38101d1d2ce","true","eligible"
"652478","polonius","0","0x1fea1ab587cf3edfdc78b53bf4bec6538273adc8","false","score_below_min"
"675920","dendzi","0","0xd2eadd7f015c005606ea07a684fb147fa6b7a8fa","false","score_below_min"
"1113380","glenncoco","0.36","0xa26a549082fc3cfcc576b5f8626cda4050ecc80e","false","score_below_min"
"537008","zahraz","0.48","0x8ddf50355f63769f17e2c1f11ae905a55c5b4e02","false","score_below_min"
"282520","geaux.eth","0.99","0x96168acf7f3925e7a9eaa08ddb21e59643da8097","true","eligible"
"1103699","sereinma","0.6","0x7913526b4d1185aced001de98a7383696402566d","true","eligible"
"726863","jdxhh","0.44","0x2d663d47f9b84239f322e8e2a39f084acafb9c52","false","score_below_min"
"891234","jackstar20","0.85","0xd29420c21a8d98dc2c8755126aff64b8d6e68693","true","eligible"
"1052710","parkerb423","0.41","0xd7210a7d54dc3bc8c6549ca9588b74dd1ac3f9ab","false","score_below_min"
"389830","0xbamse.eth","0.98","0x377efb92e4d0418585ed9a6d81c90cd987581625","true","eligible"
"564945","kajol011","0.27","0xbb992f8830d0e0660b79f0ab0e4e8254821f4726","false","score_below_min"
"1100834","crisch","0.55","0x3ec59f954fdcc375c30c15d768364046b187dffa","false","score_below_min"
"411286","alimnd","0.96","0x17d355ed607835092af602676a01ffabef00467f","true","eligible"
"1098049","web3kinghenry","0.44","0xf67eca8750dfe5cea9d5e8f7c5b145bb66de8652","false","score_below_min"
"313710","jetman","0.82","0xefe73c8d2f362ba8b20b9ea71b164ea5cdefd6a8","true","eligible"
"454826","luci13.eth","0.95","0x58371d22ec5d2af6c0b4bfa971b60174da05fa52","true","eligible"
"1058612","emy2020","0.17","0x116766bdeef8ec84b078ff46adc67df534147943","false","score_below_min"
"777797","xc95f","0.74","0x2079b519104fe766d5adf375a3732da2e37273a5","true","eligible"
"1093770","deepjojo","0.44","0x6ddd72a62b59c222e40eca550090b7af772dd04a","false","score_below_min"
"507986","freshte","0.77","0x80a6097611c63b5423158311378e53dbb4db3b3f","true","eligible"
"345032","bitcoinpk.eth","0.31","0xbf933f9aab65041d5bd1bba79f13e7df75402e88","false","score_below_min"
"600174","skshakil0056","0.41","0xf7cd38ba317e13783ae50e434075ef581f935ae6","false","score_below_min"
"14839","zilong","0.7","0x037354e9ca2c1f3ede8b4cec712eed9834c2abc3","true","eligible"
"275413","avive","0.46","0x71c6fbd1be1b603ccc96a925333c0f422cc36a56","false","score_below_min"
"195091","greyseymour","0.99","0xf7c0d5e897666ce6590a749ff1bd9edaf7eab2a5","true","eligible"
"983338","haniga","0.01","0x2ff7bb428413f0c5f813aad3c1c4135ea3575da2","false","score_below_min"
"1074517","tripathyy","0.42","0x0f16ddccc658e069f375f17062c6f45c6873fd14","false","score_below_min"
"939045","exdigy","0.75","0x102ff40f712799ccbb1b6bd95f79537f1b1cf5ae","true","eligible"
"812253","legitimate","0.48","0x34bd1d936e765a724fb46c3824341c5a52deb37d","false","score_below_min"
"812249","kellybabe","0.44","0x837cf5affdad6f0c3994365e69f0cfbb829a2d24","false","score_below_min"
"460170","chris33","0.85","0xa7db89466b6745b29e977bdc61f984e6999ad313","true","eligible"
"904124","crypthor","0.16","0x82dedcf7212f0e10d0f934b254d75bc9648c3378","false","score_below_min"
"1070078","1112221","0.46","0x7836bfc62f50c5dbe1e0bf2d6057b9ee4c6a0ee5","false","score_below_min"
"1066922","1111222","0.22","0xcffcd8da1d9586cba1052aead12d65c8862f51ab","false","score_below_min"
"263163","astrozorian27","0.6","0x12de4a597e03cde3d4002cd2d14e296c0abd805d","true","eligible"
"21024","terricola.eth","1","0xde2334fdb25481f138bec792d1f37a1dca0f329f","true","eligible"
"1050617","bballhy","0.89","0xb849d645dbabc40ae01a967f50db5dba61a7ac23","true","eligible"
"1051608","myiori","0.28","0x0ca6a2289a8dfcbb1f7d8aea1bd78fdc8191aca0","false","score_below_min"
"889667","jeddie12","0.27","0xc6e832efbc3fd16696e4856fc282bd03b15aaeee","false","score_below_min"
"807436","mishamarchenko","0.37","0xfe46c938e04c77ebeb7628187f2c6f36d89886c0","false","score_below_min"
"318436","computrinsic","0.64","0x7d164b50a0a2c835a132d53bfafabe5c79b21199","true","eligible"
"602923","aungthurakap25","0.67","0x5e5812fd1b56fce69891ad12d0ca07877be65207","true","eligible"
"1044921","imranik7890","0.16","0x79a6df44fb6abd865937ee36a168da43518cd05d","false","score_below_min"
"881253","proffesor91","0.38","0xc985d8235dcfe7e5c2e805d71b4a0306e0d0ef98","false","score_below_min"
"355441","roket","0.44","0x43ce622fca7e9e56f5502ad74619092b58288245","false","score_below_min"
"1005070","qygdlqtnxq867","0.19","0xf1101841c9858dbe0884f56a3f94034fd5d1e95d","false","score_below_min"
"243453","nftmoon","0.88","0xb2ac961d1a04b6eb8aa842ba32c198d142106107","true","eligible"
"740848","joker4","0.34","0x90a1163b3a810eb22ba3b356647b387813d0d3a3","false","score_below_min"
"288072","blackrock007","0.59","0x13bab04dfd4a1ba36eda0165fbdc4181942268d1","true","eligible"
"195154","leonnoel8888","0.51","0xb94bc303716d2fdfa34244486576f1e731d1f70a","false","score_below_min"
"314189","cakash","0.76","0xc0845bdd8c47017cae947ca959741f970024abf1","true","eligible"
"964294","munawarali1258","0.06","0x5c1deabb886ed8a540c552efd1c59844d9c308f7","false","score_below_min"
"879496","newsletters","0.5","0x231ffde14435f6002ef69eeee773191d4028a671","false","score_below_min"
"859268","fx1hubs.base.eth","0.87","0x92fc40720b3159d756ca7abba3b42d0d3607900d","true","eligible"
"803083","dlddlm","0.13","0x9f317ec868947bc4d4c1a5c546ced0ca792f4685","false","score_below_min"
"576079","chetan7","0.22","0xc181b5a07a33cc30b5f5131f00c083b03fb319d7","false","score_below_min"
"601844","yspro123","0.73","0x237df8964d199a654fbe43f3a8cb9d48e1a903f9","true","eligible"
"915048","metamessiah","0.8","0xf2545eacc99d316c01aa7a91069157592f043961","true","eligible"
"313842","nguyentruonk.base.eth","0.26","0x9666946c62deca06f1770a4915d503d25399eb20","false","score_below_min"
"724266","hamacy","0.29","0x58ab3dd8a5b646d34e01dd3d85417da46b9928da","false","score_below_min"
"453069","onuraskar","0.58","0xcfddd09cc267fba594c62c838a39b9ea6700bb43","true","eligible"
"967511","kamilz","0.85","0x91b62615ac8ee015a2ba88f27fa47998ac238833","true","eligible"
"682084","sparkly","0.27","0xc5b1cce94b9126b797814a588f229f3f8c0b43b3","false","score_below_min"
"885391","kinexa","0.88","0x24cc2000b39eb67aedc9648bca9eacb296e26a76","true","eligible"
"1017727","godsfirm","0.19","0x97e086837529dc3a5a46aaedf128565d3c6fb227","false","score_below_min"
"656908","gbm","0.9","0x961497a5b35098ded0ac451145e572a20d2b475c","true","eligible"
"364424","testnetnew","0.85","0xdcb0b7744ef6c7c7b53da161896958fb8b167b62","true","eligible"
"404757","sergvask","0.97","0xb9b4e752486299a200e7b59433415223fe389884","true","eligible"
"793863","picole","0.28","0xfb280723b1f46e1efca74c430a93a0c578ed5db7","false","score_below_min"
"911445","sofikol062","0.36","0x91ed5cc15876e4f5b698c77f53d69b1b85bd88b5","false","score_below_min"
"807135","p1lot11","0.04","0x4626be62db00a50fc487915317e60e46b66a6621","false","score_below_min"
"812202","p1nacle22","0","0x1734f70340cf7b758090613f2739e799f6880c7a","false","score_below_min"
"492448","naililayer","0.27","0x03897ef46de20b40201e3b6f3ca6a0b8f2a4c659","false","score_below_min"
"344741","rubel6698","0.58","0x8ccb7213348915e2863ad9c67b7cc4531778ef27","true","eligible"
"262529","sourov","0.19","0x7028122167eeb1ae15fb8b792a0de2d021b0bfe3","false","score_below_min"
"1002255","mentran","0.32","0x50f6fd46155c9978042aadc4b7a4032739edad4c","false","score_below_min"
"16523","aidinboy","0.57","0xfc1b78bce0b5e42cde3ce0b4ea872fdc95bfac49","true","eligible"
"1008439","nicoleashley","0.34","","false","score_below_min"
"973293","123crypto","0.27","0x3c3e5b9339339a7313710e809c6ab6f083bc1362","false","score_below_min"
"305373","cryptorakib","0.66","0x47398c8fa62df36e58914dbe0ef9cdce9a9b5c7a","true","eligible"
"650982","seeyah","0.82","0xd064d81b7f3cae6e44ed9fab4e6f6fad579f53f2","true","eligible"
"909302","deanbrown","0.45","0xe75a4cdf8b5222d10273d09526f36bac39ceafda","false","score_below_min"
"887639","dtstall","0.23","0x509244e8cec7c77aa928191dd1f83f8c8652202a","false","score_below_min"
"299583","nesar","0.59","0x80240627034907835878f43feb1bb686d1d24f3e","true","eligible"
"915015","longhuy","0.35","0xf32dde1c3846ab291211d9bc2ad9b43471a6a9a1","false","score_below_min"
"213396","gyzsolt","0.88","0xf0e795f51414da582c1ddf6ef82aa3df3c7bbf63","true","eligible"
"361304","garywilbanks2","0.93","0x64c3a78c1398234ac1f85490034e4357d76d1a41","true","eligible"
"989100","nazaninshani","0.31","","false","score_below_min"
"249869","khobau","0.71","0x1b354bcfd40a64a573758173976884756e4b9948","true","eligible"
"519892","dimbag.eth","0.38","0xc4fac5e81775bdd4d0bb32c392fe410a8963a004","false","score_below_min"
"794785","muskan783","0.29","0xfa9252ed6813a094a8f4aeffd29971a34bd6353b","false","score_below_min"
"916014","jaimeleschauves","0.36","0x21e298405039fb678b1d46c0a358ffdff37d4f71","false","score_below_min"
"952628","parsabtz","0.3","0x6f3adb36641a1c99ac67048c0dccb4fb10a91fa4","false","score_below_min"
"573747","sangvo-btc","0.56","","false","no_verified_eth"
"451841","seeimagery","0.98","0x2756dcd696a657824a90a90fcde4d2ac62362351","true","eligible"
"409857","yerbearserker","1","0xc77d66286d8832112225de79717fbaac4727a901","true","eligible"
"479301","aliced.eth","0.89","0xa5d9bf36c5de27f11cadea7f20f3afd625c6ca18","true","eligible"
"240969","afterlife13","0.97","0x085fd8de13087511677983cccdee261cab65aa79","true","eligible"
"274","n","0.99","0xebe9e50473a1dc5018e59923afba121cbdee89d0","true","eligible"
"368989","dante4ever.eth","0.94","0x2784b95ab45b5766a6912c1823ef782a35772dad","true","eligible"
"528924","cocos8","0.47","0x7466ebf3b8af67511f7163ab1e31f928b2e60330","false","score_below_min"
"451799","nomibodla","0.88","0x6dc2d277cca5346c45f1848e19c28f0093ff4029","true","eligible"
"928236","s3pehr","0.38","0x0a3bb6c7254898d7f85357bbe911a179213203c0","false","score_below_min"
"971996","mindtrip","0.83","0x9ce6bc19208b4c84a77b017fbf99e0e64b9f69a1","true","eligible"
"223778","jerry-d","0.95","0xc99af5c773da20e9b909eb44dd6a045937ba31c7","true","eligible"
"636661","silvester","0.24","0x53a6b051032d85a2b7fa009070f18224e77ea310","false","score_below_min"
"977205","theboysmeme","0.16","0x755d9300c55a0bf49bf994bbb907da3bb34b9709","false","score_below_min"
"382827","civort","0.98","0x8bf0091f5166b5c0bdeeb7d769a8c8aa85176b9a","true","eligible"
"335087","jilt","0.89","0x51f16ac6345d21dfd9d54ee9d36d5acc66225cfe","true","eligible"
"846846","ramiflix","0.55","0x1e38b172d629483180abf5515552f7d6da93a45c","false","score_below_min"
"382940","asrin","0.88","0xf106a3c526f8ee64d0a8703bbed3bb0f4a56fbdf","true","eligible"
"795060","shahabazrehmani1","0.31","0x3cba0956a1ef6c4a2dc79be6282bfbfee9d1d0bd","false","score_below_min"
"936896","younus69","0.26","0x8c71566185a7aeeec5d8d571cd7e7fff05a365e7","false","score_below_min"
"865874","sweetlove","0.31","0xd8f49f024f99bfbc6e1da46e9789615c0d7d577a","false","score_below_min"
"874966","gravital","0.33","0x270f307b9c1df27d6dae0dba0572ead86d2284b5","false","score_below_min"
"958071","pr0k0piy","0.45","","false","score_below_min"
"11656","papabearded","0.97","0x1a53b8b97d76cb27e9c1fb9a8087661e2d4842ba","true","eligible"
"899913","salutriri","0.22","0xdd150d4d2befbc891699a492cc3777bd4f99b5df","false","score_below_min"
"899744","nevenm8hai3","0.22","0xbc9b3b9a0e57e14fb407accc9bcc728eada74f3b","false","score_below_min"
"205937","cellar","0.93","0xe5c49b50cf1ea16837b7e47d29e8a45cd4b6eaf2","true","eligible"
"961078","dotwone","0.38","","false","score_below_min"
"836142","akhsan25","0.63","0xccaa51fff3513ad5b7f7bd5891c1d4d7613a3a92","true","eligible"
"888476","ho-it","0.4","0xe004c51d4adfc65f8ea99f93b40309dd189f5631","false","score_below_min"
"944011","paradiselost","0.17","0xbbad064e86fb4f98ef6ddf01a8ef275c1a7a298b","false","score_below_min"
"834652","gaffr","0.03","0xa9cb9f3f7728403114268fc1bbffec117a3d95ba","false","score_below_min"
"824215","ydearynaa","0.13","0x0d6ecd4b08db4787b46d705e864bc6f7437c7ac7","false","score_below_min"
"957951","brunilda","0.42","","false","score_below_min"
"385947","leerooy","0.88","0x30eea02c29a641bbecaf33ef2df426f8d8c922df","true","eligible"
"884575","gangy7964","0.01","0x7ffacb523f19ee1c105f5ec6cc0c0c2846f7bfd3","false","score_below_min"
"805469","m1ner22","0.04","0x4a2b79f6c16c742d9e83d2e5dc230df4fb8eb831","false","score_below_min"
"950639","make-my-gulliver","0.46","0x86722af69249e95273532a3d98c121d73545f235","false","score_below_min"
"918931","hassanaz25","0.42","0xa5d3ff30e07ff0e302972609e86ec62c6396b21f","false","score_below_min"
"780059","mirtil","0.28","0xda5a302fafbcd09be224afab9dcdf000b1e22760","false","score_below_min"
"837046","rhodelle","0.61","0x4f0b49b3d6b43a2ca61212ab6c98c5ec636e0469","true","eligible"
"942360","arshaaraa","0.26","0x8d3ae559de54e1f0947d8c47aceef5c6eaeabecd","false","score_below_min"
"294019","sevo1643","0.63","0x3696ccf5c3dd62fcce6c00d268ef9a00631c95b5","true","eligible"
"882948","sasansmi","0.52","0x90d2518dc894e229ef1d5cf5f283f6017ce082a8","false","score_below_min"
"327403","zudi1907","0.7","0x3fd8f6b1928de355479b5729ef52423a32a5663f","true","eligible"
"378585","devineglo2","0.23","0xf3a561a7a79ef04629af57a7fb9b4843a76fa966","false","score_below_min"
"835262","hedycoork","0.39","0x1be9d04e353ea85aadaf47761ed531fbeba5502a","false","score_below_min"
"654022","knork3","0.36","","false","score_below_min"
"699766","warpboss","0.19","0x43ee52debff10162d8afe05f266f2f2d957c771a","false","score_below_min"
"3966","jackmcdermott","0.97","0xb9447ca592c68d56ee481d5d12adf11db1008a72","true","eligible"
"923150","tranthu-btc","0.44","0x196e7613d1fac1a3bc96e72135b50f24845716fb","false","score_below_min"
"577377","hubei","0.43","0xe30f9a93b96562586aaf385a124dd4a497a21f22","false","score_below_min"
"302916","gapopo","0.59","0x0cda38f039add2feb6c0dd443db972bc43d41163","true","eligible"
"861057","imyunonjin","0.45","","false","score_below_min"
"578927","725","0.47","0xdb6e397898a085bff81cf66bb236a3e76e0e4205","false","score_below_min"
"884173","watermilen688","0.01","0x9a91ec3feb6d0ae699da49f35ff3411a684e8d34","false","score_below_min"
"421765","mohammad999eye.eth","0.78","0x44de2dbd4f271de179768a038f713ca1c89c2fad","true","eligible"
"377453","monosh","0.57","0xc82ec61274482d8a2e0439361957dae1bf309cb6","true","eligible"
"323158","hani1","0.78","0xfb0f6f3e2c4ead649b6b1ba155067430e95eecc1","true","eligible"
"899940","bonethug","0.26","0x462820b83a84a911be9b50d03d9c4f9a49c52a1b","false","score_below_min"
"426017","tontubasak","0.44","0x650980dfc6fd4b7607d1022062bc2f2880b9f7b2","false","score_below_min"
"852968","babang1da","0.21","0xf4c0baa6ea6b7239776420cc2f5db6bf80da3057","false","score_below_min"
"655986","lackgts34","0.19","0x4f425e434783843d84d74d5985427e3779e53a2f","false","score_below_min"
"824081","mcsound","0.19","0x25a3f3b736ada6687b06a5f3fb6c9e47e57930f0","false","score_below_min"
"384973","nevertheless","0.59","0xb7baed4979d0854dc9fb03bc56a662a133616c39","true","eligible"
"861426","selfawareness","0.83","0xf6b7522e2248b6838b1475aaad96bcd1c1012005","true","eligible"
"529673","maanshasss","0.21","0xdfd5e3f850fe3cb4f0cc94e9a28b5409de7265c8","false","score_below_min"
"896908","clizt","0.4","0x29f39b7b42a9148da85fc1eeb0368d7e3a862de3","false","score_below_min"
"780701","dunetw","0.33","0xb054d9af129f057f3e6441a316c0ed58c7f3488d","false","score_below_min"
"389212","bangxen","0.76","0xa0dec165d9b4441a46e7022f347c191c4e233587","true","eligible"
"739310","insu","0.28","0x56c9a93ffab91bc966c14328f904c825b2ae87d3","false","score_below_min"
"623932","roceci","0.13","0xa899dab1785e228826d27451a9f77e8fd5569bcf","false","score_below_min"
"241173","alagbe003","0.55","0x425d8a3f3dc894d2ec4785a048178f421711e91b","false","score_below_min"
"637659","0qveteran","0.01","","false","score_below_min"
"531495","copigamer","0.17","","false","score_below_min"
"852985","nihuyambus","0.28","0xae0acb856142d9d53b2daa1cd8b7517a18042dcb","false","score_below_min"
"682486","freebsd","0.03","0x047709e110e55b7eed7d500eb85716498d8077d5","false","score_below_min"
"390940","assayer","0.95","0x17ddb7427da2acc4892db5c1e76fc15959fa121e","true","eligible"
"856443","etson","0.36","0x23d344a3fe9450753324523425eac8bb6754eb8e","false","score_below_min"
"309310","metamu","0.97","0x2d9cbc4ecfbd1b8f66aa798fd51585ae058daa8b","true","eligible"
"251518","yunzaw","0.51","0xd054315c2ac6c6881f5d88e0ddd14ae7ac8bce47","false","score_below_min"
"861020","xxvortexdark","0.03","0x229c59856f7ef7ec5c19acc2d800c20591e8c7eb","false","score_below_min"
"480691","fairu","0.56","0xfa0e9f4d799990905749e33badec5eb0ff518617","true","eligible"
"568791","kvest","0.41","0xf0acf81d265c1b1d1fb82e8e570b85176d179fe8","false","score_below_min"
"451506","rajeevnisha","0.15","0xe58a58ca94a3b6e6973aadd760ff8d86e94ef954","false","score_below_min"
"872587","shorelife","0.03","0x82ea19d58a26ef1ea9ed17b62adb30ba18c73e0b","false","score_below_min"
"560337","suitlarry","0.28","0xc19b286f632658400a7d8e6793dc866fc1ede2de","false","score_below_min"
"873314","silverforce","0.01","0x1522858af01be3348063703d4b326c8bfbfb6b6f","false","score_below_min"
"421645","btcwin","0.53","0x03ea7dea4b377c9b9570814aa274ca19837485cc","false","score_below_min"
"478965","alhemi.eth","0.55","0x9108534c00fbe3f1b3170d387eb3728e516bf4ed","false","score_below_min"
"270269","mdalhe.eth","0.51","0x5dad5b8c4b640305585bf4586713bad0fe992dd6","false","score_below_min"
"236636","zeronftt.eth","0.97","0x1198667d6cc00afa078dd4333f8328d8870f3c6d","true","eligible"
"494571","aleksandrvo","0.35","0x70d5e220c1f82f4d99c727eb35e8ae9c75119abe","false","score_below_min"
"882505","saqlainabbas","0.56","0xf4805150ecdc30294f7a0ab0d12fc3b7293205ab","true","eligible"
"572765","rizwan29","0.3","0x060ccc6a55679b71154b0aea8facab3894e5b483","false","score_below_min"
"617850","gta6","0.43","0x866a050c737fd633496948ec15300dce9fab10e4","false","score_below_min"
"210629","br3no.eth","0.96","0xf3abc40f8799daac47928d59c83c7f378bdc6c21","true","eligible"
"666455","dizurrant","0.04","0xeaefc4b02dc99945e70ec3d3b7496722655a447d","false","score_below_min"
"652977","axyet","0.01","0x5ba840945bce6e534309be74c7aad7f57d6cc3d1","false","score_below_min"
"196238","simitej","0.44","0x7bcdffc9adf07f9b69bd34b8fa7c3f94c8dc3b6c","false","score_below_min"
"302918","kaikub","0.66","0xfc7857fcadf861ea9bd6915de1eb2b3fafd8d212","true","eligible"
"652899","saerwu","0.03","0xab34ce91d9ee39fc3ed9efd57096a8467e664d2e","false","score_below_min"
"585285","tiagoalam","0.29","0x0a440509c34877f183495cc3961ce6b1113a0754","false","score_below_min"
"666946","karodanz","0.01","0x0d41b7ef062d47e155474905b0f7333d888fbec8","false","score_below_min"
"665312","nisin","0","0xbb51fed8deaf924f581a1f43997ca43374b79139","false","score_below_min"
"192439","641991","0.53","0x192f57b5944ab0560fe8dcb7730fff5b1e76ffb2","false","score_below_min"
"766152","ljanikoljaniko","0.05","","false","score_below_min"
"680675","digitaldrifter1","0.16","","false","score_below_min"
"586713","kingslayer480.eth","0.42","0x4a4404d79268c4e25222da1595a91b977249cc01","false","score_below_min"
"365672","0xfae","0.96","0x4179fe925903a4e9fce03638706234ad869e12f6","true","eligible"
"680739","bytebuccaneer1","0.17","","false","score_below_min"
"877268","anktox","0.34","0x8e4eee7ded1a8ab0531e5c02d75bf5f2df100040","false","score_below_min"
"714274","tarasvasilevou40","0.14","","false","score_below_min"
"257519","bellacintya","0.3","0x9dca5e3cce93d6b34e328bc6d91cd1022137825b","false","score_below_min"
"714463","laevcv","0.02","","false","score_below_min"
"541870","mohammadyeasin","0.5","0x74169c5e57ba07242503df1389801d29676f8594","false","score_below_min"
"766153","hailfe","0.04","","false","score_below_min"
"277012","rony500","0.35","0x79103feddff4a42eb608ba1d0994ee0d87699019","false","score_below_min"
"660839","hesys","0.04","0x1ff221a5da616499390fff90c5ebc3b475099ef0","false","score_below_min"
"671692","cryptovoyager12","0.02","","false","score_below_min"
"876547","kimtl","0.31","0x3b6bb4a0031076f35ec1d5cfe3de77783cf02e1b","false","score_below_min"
"846830","qudarif","0.01","","false","score_below_min"
"695876","vladbor","0.01","","false","score_below_min"
"667042","karbonara","0.01","0xa885d47fb6470e958c804b68bbc4e427f410866f","false","score_below_min"
"766264","versiepi2zb","0.16","","false","score_below_min"
"666281","leonka","0.06","0xe3424ece1d4786eb7420a54b271282af4fb35e8e","false","score_below_min"
"671964","pixelpioneer2","0.03","","false","score_below_min"
"546310","keepkal","0.31","0x72cbc03e1d5c4b714f071b845e471fc807830d00","false","score_below_min"
"321764","hyrae","0.98","0x1326b0396197bf0a49ca286a8fce1f2835a97d66","true","eligible"
"195666","spq","0.46","0x644e420066bc23683ab77ba8250079c5bcd4dca7","false","score_below_min"
"739204","hg219","0.03","","false","score_below_min"
"670042","tesolla","0.01","","false","score_below_min"
"666008","jarosalle","0.01","0xee3ea11b04ce9fce0966f9cc1377d1db8d556932","false","score_below_min"
"576196","lovenme","0.37","0x1d684263acffc608bec30d0fe4f4775ced7c56d9","false","score_below_min"
"680604","satoshiseeker1","0.04","","false","score_below_min"
"780807","wathelet","0.44","0x15db83e55a57f45f066b00a3755d878a51ca910b","false","score_below_min"
"666494","worari","0","0xff754c1a0106de2ee448ed084f5abd0338c55486","false","score_below_min"
"443305","kimsungok","0.7","0x9fc3f9c82fd76df4677393efad2151e174a5391a","true","eligible"
"291967","000th","0.62","0xaaba6c12e38c2b3c5a7f6a87a3b07e1975ba090f","true","eligible"
"859801","gynard","0.03","0x5949a34607f8b3d35c1c043a8b6608fbc649c79d","false","score_below_min"
"253999","kish696","0.55","0x611614cfcf7f19aca3fcc7a09e4bb77cf5f398f7","false","score_below_min"
"792911","hopeflower","0.01","0xd71b214598c5e9f402c974b26ab7797f201694b5","false","score_below_min"
"829630","nalendaie","0.01","0x1045b34bf26304b3fb0ef3ec6c86504424c78313","false","score_below_min"
"864281","georgechavez","0.04","0xa267714d31f02bdf79859a09bf5a354775a03ff1","false","score_below_min"
"827553","lazerlaycook","0.03","","false","score_below_min"
"865048","estelaelliot","0.05","0x33ae77ddf50384e78cabcd2b4e81ebd4f52446c4","false","score_below_min"
"864800","carriebeasley","0.05","0x3d6a39a24e805240e101519b2772360dfce83359","false","score_below_min"
"850433","qostna","0.17","0x6874ca76fee2a5258a80969cf84892e53725309c","false","score_below_min"
"655297","porncast","0.03","0xd317cc5f82ac63f47d7e0fd993aa431ffe372265","false","score_below_min"
"850789","donnagray","0.04","0xb0aae1e0845b55d5787bfc903ab520497a8c1882","false","score_below_min"
"666859","harabri","0.03","0xaa588a68ed28328c4f3d0a48b6bd56dec3123b23","false","score_below_min"
"809526","yieldnest","0.07","0x573042bd97e960648c95794f05a5c971d4f8cba0","false","score_below_min"
"850813","marylloyd","0.04","0x72619f77a2c8cc5b3f28cc63cd2bb7957fec2e70","false","score_below_min"
"847466","itarvau","0.01","","false","score_below_min"
"828047","jiddann","0.07","0x87c975a7b3cc276afd921f19e8644f092895c830","false","score_below_min"
"686262","siviy","0.47","0xebe4514e0e6bff1f0a3e58c340664ea3993f980d","false","score_below_min"
"872678","goldpilgrimage","0.01","0x36c8cc3ffe6d090ee98a08252c0f08cc7e8ef883","false","score_below_min"
"808219","zepetox","0.03","0x955a39542aaefdf633c5be81e1c93676cbedb5f2","false","score_below_min"
"864768","carolinerutledge","0.04","0x28ef9e0e0c2470efa69fcd0b85aaa42ddc73d645","false","score_below_min"
"864839","jamesschoonover","0.04","0x30ba9c2be85cc9e4ad76f835ab72cf7319f2bdd0","false","score_below_min"
"653438","yolo2000","0.53","0x6e7a6dcb198440963deaa468628a246a290eff4b","false","score_below_min"
"873719","haydi","0.05","0x171ef23ae0ddde36155f8f2dd95a7aeb0e31bc87","false","score_below_min"
"850893","rangerwill12","0.01","","false","score_below_min"
"842089","millergeorge","0.05","0xe3093f451ab8ca97228f10d54668c8fc784d9c99","false","score_below_min"
"852585","swagsetsunai690","0.01","","false","score_below_min"
"666031","girerdey","0.01","0x4306358e45efa0ce01efc9d0c4ef819abcaef329","false","score_below_min"
"851513","charlescurtis1","0.05","0x72723f7ff7b8749ce846ccc20294e9c786c7d1f7","false","score_below_min"
"653001","dirou","0.01","0xd01d5b09adf4f10768be3d8da86c504e30a070fa","false","score_below_min"
"852890","partysupplies","0.04","","false","score_below_min"
"618244","georgegarcia","0","0x863e1a19e241ffb4c7b5b43f1420618338bf4521","false","score_below_min"
"393713","sparkish","0.37","0x622c1960673e7cc7d756d2d7203966b390ca45dc","false","score_below_min"
"714409","lehago","0.02","","false","score_below_min"
"441380","veaut","0.25","0x12b4b26781fab233da2da988df788e4c7651d20d","false","score_below_min"
"393530","bumbling","0.34","0xae247773f37b169335b3d31a172f06cee2086f8b","false","score_below_min"
"669717","waqunvo","0","0xa158a243d372b8121f2e7575d13aebc3392be366","false","score_below_min"
"780350","hrugkie","0.17","0xb5ee9d9a7cb8246e187142f7cf9c4099609fba6c","false","score_below_min"
"780111","pikipluggie","0.13","0x44bb70a80d76b8205b188e882c9dcd14431a8118","false","score_below_min"
"868681","zacharycooper","0.01","","false","score_below_min"
"873714","mandovillia","0.04","0x4d01999b0a149d770db7d671fdf234e289a1343a","false","score_below_min"
"392360","skittlesa","0.37","0x250ba98552850cf197ada374ffac75fef54f7d70","false","score_below_min"
"873710","kimbersmiths","0.03","0xea4b866c322f7d803f3413bad7ad56f4938dcce3","false","score_below_min"
"864654","michaelaust","0.05","0x6cb38099702f4ce06d44796e58b34306d4a540bb","false","score_below_min"
"680573","tokentrekker","0.02","","false","score_below_min"
"617316","jacquesderrick","0","0x9b3e5aac697e0135114b8fa112f833173d354299","false","score_below_min"
"755264","lepron","0.04","0x9ad64ae6aa5fd99fd762492b3b9d1c53d555aa5e","false","score_below_min"
"665114","usicont","0","0x9a5a710a5096931fa514fb9d01e77fb7d81588cf","false","score_below_min"
"223367","banlamduocma","0.8","0x02b5fd2a1e3b7ccb1431328a036588dd72d8cec1","true","eligible"
"855221","sugartypeg","0.1","0xc6a6b19c9f6a58d36e2a19254bb1f8a7944046b6","false","score_below_min"
"766236","marylouise","0.15","","false","score_below_min"
"664920","velaiua","0.01","0xe64d81446233430dc430c6acacf8da1dacc3e5e8","false","score_below_min"
"855959","emission","0.04","0x08ec083f0f6549a0f2c8ed011554f6ece7418531","false","score_below_min"
"864587","lazerfack","0.17","","false","score_below_min"
"809528","9quantum","0.04","0xf224dffc99a083437ed822795edb75907466ee17","false","score_below_min"
"789878","lewiafan","0.04","0xf6a903d37caad82854a3caaacb4ff322774ba358","false","score_below_min"
"747075","itachionethgod","0.04","0x2c0eaafed835517c969f565752af6aff353991ec","false","score_below_min"
"750500","tapp41k","0.04","0x4c86ef5e32c91fc3adb308e645eedf2ff566959e","false","score_below_min"
"392087","invasiondivide","0.24","0x4ac80d290f86c89311e535ed1293d2cf508e87a8","false","score_below_min"
"842786","vhartman","0.03","","false","score_below_min"
"851906","thanksforyou","0","0xe9ed5453b02f525095c7721931667bf294a8b4d4","false","score_below_min"
"690424","ironphoenix","0.1","0xfc17b83115a134a78616568bdbcdc812a086996e","false","score_below_min"
"444323","herojik","0.72","0x11316ebfd1486c632c6d2f58f7af992b9a0ebf74","true","eligible"
"858527","grydraze","0.13","","false","score_below_min"
"868696","evelyncarter","0.01","","false","score_below_min"
"869211","nervish","0.16","0x7c54797c6cd94e9ff36272f7085c5ef1ca2ba51d","false","score_below_min"
"868794","eliasbell","0.01","","false","score_below_min"
"867174","seregalegenda","0.02","0xf2ac5240ff46542e97f8d5eeed46225109516dea","false","score_below_min"
"710853","cryptozenmaster","0.03","0x3b2f20dc0d7464df014b85f62e6eb4f96eaa3aff","false","score_below_min"
"837727","fthomas80","0.19","0xab82da5f2ccfe44daa1009d7d72ad36ff5a52c8b","false","score_below_min"
"841483","schultzbradley","0.19","0xfdbdbc07253b2813758b2f93927bc05145d7b868","false","score_below_min"
"840773","uanderson31","0.24","0xab4d2345e4bae23d3407a99efdf1f3b5d6ab2167","false","score_below_min"
"837466","gregorylamb","0.21","0x52c1fe76f2bf231d269df41c5585bd902a7342dd","false","score_below_min"
"666761","cosmonu","0.01","0x6e63af384a14dda04cd3fed54fbe5072afbe0c03","false","score_below_min"
"864437","peperoni","0.16","","false","score_below_min"
"778298","pward","0.14","0x63247c476dd72a9b1bb217d9b96f411465cd49e8","false","score_below_min"
"672964","braden48","0.14","0x3cf34b2c454759aca1f605fab91495c28ab2ccfa","false","score_below_min"
"838703","abyrd","0.2","0x864f377812496710f068a41a27be0a8503ccea36","false","score_below_min"
"812959","cewa","0.38","0x9f2c5050d39769c3e178c0c10e514b8ecaf530b3","false","score_below_min"
"665473","mearar","0.03","0x351efb7a12a4780193332990972ef092b761565c","false","score_below_min"
"840678","fazz","0.21","","false","score_below_min"
"848460","zenko6k","0.04","0x913622caca527d52f257c1368416d6a492c59a8c","false","score_below_min"
"793376","n33d-413","0.06","","false","score_below_min"
"848379","confused","0.05","0x1e6eb497842b48df51aaa6eef88afdcb66003dc1","false","score_below_min"
"816398","lizayo","0.35","0x8d27cd0d2ebc6877c65d938b35f162cceff5e562","false","score_below_min"
"873606","chirker","0.05","0xa883569009ccb6ddc6331b2d1670136b3a130222","false","score_below_min"
"826203","karenmillersv","0.33","0x3c4108b980beec4a0b120a638bd52c5788186dd4","false","score_below_min"
"846517","merked","0.06","0x8215b3d50d1563955485c0e5d3638df843e04d58","false","score_below_min"
"848385","landtheaxolotl","0.13","0xd6e004d119ac022eb206e49f548ddb0ef979c4a5","false","score_below_min"
"848324","borthdag","0.03","0x356c2dd62d85cd65c6f6452f987a2e5627ce18df","false","score_below_min"
"850923","lokizeme","0.02","","false","score_below_min"
"746585","twittercast","0.11","0x161860af6d48931f91aa580ec22ee9b4d5a9fb33","false","score_below_min"
"821583","thatguyderpie","0.01","0x4de97f3d9d21be5d4375e3b8fc7a3a5752c2bbfe","false","score_below_min"
"848386","assaliantmiller","0.12","0x57ba71c9fefedb74d06d4af3f1dee7ca737358d9","false","score_below_min"
"850092","spikesy","0.01","","false","score_below_min"
"860704","snifflers","0.23","","false","score_below_min"
"809703","gamefii","0.17","","false","score_below_min"
"792157","isabelladavis99","0.04","0x1fd6afcc9f28c5c48408b5856ba6177c8aa0c12e","false","score_below_min"
"810961","max0t","0.3","0x970748ebaf719cdc46a417dd0ffcced1ece2524f","false","score_below_min"
"851587","boll25","0.01","0x8e72863bf638dc2e8336ce8d24b83e98e2746b57","false","score_below_min"
"660314","karenbaker","0.01","0xa1f6756b28961f3dca0ae065139094d80cb40a74","false","score_below_min"
"854699","tiptiptip","0.07","0x4539a69b8b2e93c9ccd05ea98ae61be8c81834ca","false","score_below_min"
"864512","gfest","0.07","","false","score_below_min"
"843882","creepyds1074","0.02","","false","score_below_min"
"840941","overtakeblake","0.02","","false","score_below_min"
"729283","zoxuo","0.1","0xe52f237fb8234876846a5ec9528ae41e3926b443","false","score_below_min"
"849774","lethargy","0.03","","false","score_below_min"
"816781","ere1","0.35","0x1c3e5f1b16cb42b56654a10bf88810b94fb006c6","false","score_below_min"
"849810","marksmad","0.03","","false","score_below_min"
"844025","imaseal","0.02","","false","score_below_min"
"855954","notifier","0.17","0xa487270cb2309a931df9f422517b58e1c03c8efa","false","score_below_min"
"842407","bangblade","0.04","","false","score_below_min"
"840965","conjuration","0.02","","false","score_below_min"
"841349","nerdyboy22","0.02","","false","score_below_min"
"844094","stormshot","0.02","","false","score_below_min"
"844028","dukvonduky","0.03","","false","score_below_min"
"849792","overgrownllama","0.04","","false","score_below_min"
"841344","emnasti","0.02","","false","score_below_min"
"849839","backendkobe","0.02","","false","score_below_min"
"837195","lukakorsa","0.09","0x2d2ee4b775283ad59efe81bcd87d381dcd58b939","false","score_below_min"
"838986","belkanavar","0.01","0xf36ba889011af2d54b2e61574fe0bfdd9d8bb506","false","score_below_min"
"843992","psykho","0.03","","false","score_below_min"
"849806","brent2828","0.02","","false","score_below_min"
"840943","chubbywolf","0.02","","false","score_below_min"
"673273","ershat","0.03","0x54c19bdb94a8efe872ec60915b407d3f85867169","false","score_below_min"
"868836","zoeyturner","0.01","","false","score_below_min"
"857379","muffly","0.01","0xec5aa25f0061d680c590b771dd26ebf17483f939","false","score_below_min"
"858081","dragongod","0","0xb743d514692bf1dbf185de65b8adb8ba96bda1b3","false","score_below_min"
"669614","wnalbam","0.04","0x0b32ae12977f8375d77b83f3b1d468bd7c125799","false","score_below_min"
"853566","tharxer","0.01","","false","score_below_min"
"873652","mckinkey","0.05","0x070821e4763d389c7016b5e00c7ab27264a7fd66","false","score_below_min"
"695868","nikkita","0.02","","false","score_below_min"
"766341","lopezj","0.04","","false","score_below_min"
"618300","abramson","0","0xa9994f342544cb844a6ad6f8b1ff01171e2e58d3","false","score_below_min"
"789971","yogamaster","0.04","0x36671ef0c25e9b0b85294f33c4643caf65ab847e","false","score_below_min"
"853761","lynjorthar","0.02","0x83e6a4452088119ee7e17d13e419316c76dd14ee","false","score_below_min"
"844284","lostsoulplayer","0.01","0xc9ce55db09979c17ce899a2604a12a2dec21569d","false","score_below_min"
"853956","xertharthar","0.01","0xdbd42621948fd77ec45b2854920f7e9fcd4292a6","false","score_below_min"
"666323","harabuse","0.03","0x84c3471f2a671c030d5bb2c8168252b2424d2c02","false","score_below_min"
"854199","dradra","0.06","0x2e63d5ecc7bc42f12059ede53ec9d6635d94a072","false","score_below_min"
"841190","oacharya","0.19","0x3ef95ff15ec30ef71757569ea4be3acfd6bbf0fe","false","score_below_min"
"838020","benjamin52","0.13","0xb53fe404b324f391178196ae67915a91d8fd4e36","false","score_below_min"
"686980","pigus","0.04","0x80231a6c05de5eecf1da852dfe066e96c5d8d9fe","false","score_below_min"
"869166","ultramar","0.02","0xfd9ae4f637d554c0e5282e51c2d4548061feabe2","false","score_below_min"
"869128","vityanchik","0.13","0x9e49ecfafeec036220f1c2e0f4d882c94d7cd5e1","false","score_below_min"
"837634","bettyburke","0.19","0x541bb022f1278fc46d3af583296c1844f5d246de","false","score_below_min"
"824139","marivkah","0.04","","false","score_below_min"
"872526","lilymorris","0.04","0xe3c5aae2ef96b3d93a871f15e3f3a7c1a26c0e4b","false","score_below_min"
"792224","rodriguezamelka","0.04","0x112a1446b30df07bf37cd49d4232f4fc1b86ab51","false","score_below_min"
"765053","aizek8843","0.11","","false","score_below_min"
"788469","8sophiamiller8","0.08","","false","score_below_min"
"826150","buffyboard","0.3","","false","score_below_min"
"847788","traumatic","0","0x5d4f1cae09ba68c404d65d75b65b8d558242fbdb","false","score_below_min"
"613953","cardvisa","0.19","0x45279fecf2bbe96df8a3af8ae29fab875e02f28e","false","score_below_min"
"777317","joyleey","0.16","0x3d12bfe35efc3c1a46a32e4ab41bdcbbeaf2ef73","false","score_below_min"
"843924","victornara","0.02","","false","score_below_min"
"607490","reliabillity","0.24","0xa5ca95439c3181282859b9fe7c2494fe8d23bb7d","false","score_below_min"
"792258","whitehaizenberg","0.04","0xfebfe2463d222791afb5cd38f1f5b901190c937f","false","score_below_min"
"687133","arcegio","0.12","0x2343e789e6c99856a8617ebb143da9fc42f840c0","false","score_below_min"
"789433","slimee","0.05","","false","score_below_min"
"818407","angelife","0.05","0x6ec6a13bba5615e251c3e695104823983b42b2a7","false","score_below_min"
"537646","mekura","0.17","0x5f0614fa77a9bf446b117af597ec4ff59baeae96","false","score_below_min"
"850094","moman852","0.01","","false","score_below_min"
"843927","thepdubs","0.04","","false","score_below_min"
"790532","0xsakura","0.02","0xe9475e47aab05701174ec74dd77b95c2925915e4","false","score_below_min"
"743951","hyperez","0.04","0xe024eee447a3334ed6da04bc163ef7ab8e131f91","false","score_below_min"
"843863","bonin240sx","0.02","","false","score_below_min"
"808079","cryptosmemes","0.01","0x109ddc351624c188872ac5b5f7aef2f40b61cd7a","false","score_below_min"
"841621","holydaddybobo","0.06","","false","score_below_min"
"838983","gotsikaa","0.02","0x31e8797273df65c64b7fe00ea08fddbdc04eedab","false","score_below_min"
"790547","wilkinsonkate","0.2","0x214fe6e55df096ed486db43f7692b26fc12c9d0d","false","score_below_min"
"840360","brent00","0.03","0xc0b97ad0e0ec7e9770e06455cbd94c7cc5a06715","false","score_below_min"
"842334","tdunn","0.19","0x568c2b6f32e185fdaa0ddaa1ba0b5969d76c54e6","false","score_below_min"
"841877","wnewton","0.19","0xeb05e6c3e14380619378252ab3a02ef71599d7e1","false","score_below_min"
"841814","daviscooper","0.19","0x334451cbf23c0b883c5769c4527314ee826e8f8e","false","score_below_min"
"838676","michael61","0.19","0xdb7d76c23bb45ec0c719aee4ed1df3d04eddb017","false","score_below_min"
"746504","jajar","0.04","0x99b4f46c55d24689b8663963b6e2949d67f34dae","false","score_below_min"
"746979","killauir","0.09","0xff5810d5ff3bf6b9ed31e0d25ffd9830b7bf3e60","false","score_below_min"
"820181","salih89","0.04","0x1ca3f3d6921fd16a680f82b3bf753a8b3865ecb5","false","score_below_min"
"848044","rac00n","0","0x068c74520209735884af113b1346479c0ed189b8","false","score_below_min"
"828589","oyltke","0.01","0xcdb6cf1c514f6e61d8c3674f4d9283bf1a1f42c0","false","score_below_min"
"779706","novaewt","0.15","0x4f6e1c9d77642dae8180d4f19f2a6c333686e282","false","score_below_min"
"856373","mefy","0.01","","false","score_below_min"
"856529","dislexiyiya","0.01","","false","score_below_min"
"768416","ufologist","0.03","0x1f046bf42c45fe6587fada321385230fdda9a077","false","score_below_min"
"856462","aqwa","0.01","","false","score_below_min"
"869837","elizabethhenders","0.07","0xc37881871ea0df44f51f3df6ae9e688667e84f7d","false","score_below_min"
"843288","srobinson","0.35","","false","score_below_min"
"829709","rsysoev","0.01","0xa6e00959aac08c25eff204fbb681559402c5a2b0","false","score_below_min"
"796989","soohyounkyeong","0.05","0x80b2600b02a8a7d077ac3f5c35920846930cc86a","false","score_below_min"
"843116","cfranklin","0.26","","false","score_below_min"
"813599","x93","0.32","0xccbe62e95aefb5ebcc2b3cc0edbb3644d2d5ee5d","false","score_below_min"
"840561","bellkimberly","0.02","0xba8ab8434eaaab5b7b2ef40d828cf010747b8789","false","score_below_min"
"776501","wertymine","0.05","","false","score_below_min"
"840523","markwhite","0.28","","false","score_below_min"
"674411","slatham","0.02","0xd5476e5e2f205a2b113940063de05e1b6481e5cb","false","score_below_min"
"842593","bradjones","0.02","0x0422ce6bb523cd497f749dd8d8f9605f4d5a5187","false","score_below_min"
"845768","skygazer","0.01","0x321c90d89c184c616966da19a9528c333d694c3b","false","score_below_min"
"841062","johnmedina","0.02","0x8188c44cf241c15c9a190eec23813d05427c8701","false","score_below_min"
"393552","drizzler","0.34","0x0598067472e2214fdfdcf645c9f34599124043bb","false","score_below_min"
"819761","fertify","0.04","","false","score_below_min"
"819879","farmique","0.04","","false","score_below_min"
"841793","maciaskari","0.02","0x4a672438d679d1a2de7fdc26f8af07f9753aeebd","false","score_below_min"
"840958","mcdonaldjohn","0.02","0xbb713502215763a337d46f0b8abe3a6badb5fdbf","false","score_below_min"
"838021","pixelprowler","0.03","0x1c471252e83cf3f52c8283da4d75a71355c3f845","false","score_below_min"
"840778","marie50","0.21","0xee51e774d0ce2aac35593a408d14eb8ca6346f7d","false","score_below_min"
"839720","loriaustin","0.02","","false","score_below_min"
"717645","mr-plenty","0.13","0xae3d07405458fb569f34bb64140e1b8324e1fdeb","false","score_below_min"
"857454","fenjorgry","0.01","0x66d22a270bad8239cfa7ccb81b5fe86d0c8bed31","false","score_below_min"
"845475","techjunkie","0","0xbf15e46a77e1e77f77857afd0c689ac9e4d9c4dc","false","score_below_min"
"842143","johnsonsteven","0.02","0xe60fddf6d1f13edba01a3a2a864b1ea71a8b92fd","false","score_below_min"
"824213","angelasuna","0.09","0xf683decac2df9336a6da83f63756d4447f004fc2","false","score_below_min"
"840478","luis40","0.04","0x004df9e19a760d55172af1f2b0e98fff106d9f2f","false","score_below_min"
"836662","novanewt","0.04","0x2413560168e8d5e490f2d25835ea32ec7c2f02e5","false","score_below_min"
"828890","theiatapir","0.01","0x47ba79e49213d84c2acc49a11ff5b035d7191766","false","score_below_min"
"707232","hayt","0.05","0xbfef32859ab7232965ebcd8ac978dca706de91b5","false","score_below_min"
"816692","gregory77","0.32","0x7258b359340f9a7636a346655cbfcfe1a45c5d02","false","score_below_min"
"755081","giege-rich","0.06","0xc7e45db1837df36678d2bd0418ea0a2b4b102e72","false","score_below_min"
"825785","santapa","0.13","0x25e35562ad7e0919c14621811df76c8800f99527","false","score_below_min"
"808842","tr4nquil13","0","0x0bda6caa5f1ef625adcaa89349e32f6762b01877","false","score_below_min"
"663898","peterspetersov","0.33","0x9008668cde6d23d49dc3f56b6659ad4443c20451","false","score_below_min"
"851964","warpcastenjoyer","0.1","0x44a57a1cf44e14aa5dc9bccd6f2a1f7710fc590a","false","score_below_min"
"809894","hulio","0.31","0xd33e3906aeee31c39dcf19a0da8f9f0b98044678","false","score_below_min"
"851590","crazyyamato","0","0x458857f1a3bb99beaf6bd317e71e48079821c381","false","score_below_min"
"835796","venusvole","0.01","0xc9b1d2160e66e83c7bffc4126c99670a3b6d7366","false","score_below_min"
"747434","zxccursed","0.05","0xd0398cf2404cf9d80a0d6790bcf32e167ce80c30","false","score_below_min"
"576569","sergejeth","0.08","0x41c19496cd678a2808e71da6745fc587ff8ec7de","false","score_below_min"
"852689","magicfanatic186","0.12","0xa96269140b70f41b7da1dfb684150b8b4c10a315","false","score_below_min"
"640154","freebang","0.03","0xfbe555800691545e10ad64f50d630de9f776dade","false","score_below_min"
"873698","warrenamymy","0.05","0x70c9d272f637d71fc8f3eb425ed5b04c917449ba","false","score_below_min"
"852960","kasiko","0.01","","false","score_below_min"
"825930","byrruffre","0.14","0x5008146c31d7936a35f97fcbf3c8fe0891ef758d","false","score_below_min"
"600922","dissonance","0.17","0x8f850911c5dc7bfa8f7c76a7009822469bb23712","false","score_below_min"
"804088","kourtzuma","0.55","0xd02c1c12bd708f76b0932d173b052df1ddd86423","false","score_below_min"
"873656","tialor","0.05","0x1955e6f33e92d294295134eb193f7f1dbe8167ba","false","score_below_min"
"663105","qaneieb","0","0x3f7c03c95f9d3ce607fd355fdd87ca0b0347b308","false","score_below_min"
"804097","xavisimons","0.44","0xfdcca03b82b32a37004b88f707c57c8cd618ff55","false","score_below_min"
"853415","franklindollar","0.04","0x2d6afa2ed7b421757ec571e67b4f0b86c15b055b","false","score_below_min"
"854660","supanicka","0.05","0x7dd29e371397df64e33b5f1dff0c7a9b459a032d","false","score_below_min"
"739106","sommerskimberlee","0.15","0x3d2f08320811265ff59c3c671506625d7ab36b33","false","score_below_min"
"798489","welirlo","0","0xfde7f4f6423914716202a31f9fbb56df8ed1d220","false","score_below_min"
"754574","kolyada","0.31","0x14d12482af61b1155b020866cd092e8fe35383a4","false","score_below_min"
"746390","solanahunterx","0.03","0xa6652c6056bd89e4b9dd496227e7ec8648847074","false","score_below_min"
"648434","kevinyoung","0","0x52b0a7046ca28254f3f234a7ff35cc4e0dc00d47","false","score_below_min"
"864571","1smoll","0.13","","false","score_below_min"
"733993","kinamillberg","0.14","0xd1d01c36ec1f7964d2079e03a647c16a89099f6a","false","score_below_min"
"747150","ogbudapesht","0.03","0x9fba66516aad14f9cd198afa937633eb4f10dce4","false","score_below_min"
"648982","j14064005","0","0xcde77711f043b3248fe1f6e37f730752dca906a9","false","score_below_min"
"841176","avilacaleb","0.19","0x812f8c153a460d1eba6c3d3bbbcbd5d323da2ff9","false","score_below_min"
"746412","ethairdrophunter","0.11","0xa309d9c861e2f804d0501454f89f1173c8ed1def","false","score_below_min"
"853161","setsunayuki","0.01","","false","score_below_min"
"777991","starcollision","0.03","0xe4c3d8ad4ed317fba4189dc0a3bf77855cce7d86","false","score_below_min"
"746631","applepicker3","0.11","0x978264fb5ba40b8459c62dade4e26897a338a636","false","score_below_min"
"846252","donnaleach","0.01","0xf843a200bf7fd3da0f67748ac59570ff24bdf2fa","false","score_below_min"
"852850","oike","0.04","","false","score_below_min"
"852904","wundler","0.01","","false","score_below_min"
"852617","xetazeus","0.01","","false","score_below_min"
"586124","bannybaks","0.31","0x5e3a23d32d55ee10494205b3cf479eaeb88cda47","false","score_below_min"
"631343","dana7","0.39","0x48a2b12d327b4ee3cc166e69b8b0fad9e8ba062d","false","score_below_min"
"856880","cryp7omaxxx","0.13","0x112e1d86916fa178fcb671c6533f28479f2d20ed","false","score_below_min"
"573790","panteraxyz","0.3","0xacfea5dd8fb15d893fef331391c8df21df719603","false","score_below_min"
"852541","jemsk","0.01","","false","score_below_min"
"852088","anims","0.02","","false","score_below_min"
"699098","zaronnerese","0.25","0x954c32cc4bd2f3a1a8694603aad772c42c0aed8b","false","score_below_min"
"698429","mediacritic","0.09","0xb0eb6ef44d9580b01cca99c803ef71b5fae8ac69","false","score_below_min"
"853311","elominus25","0.06","0xfd06838b835c6a0a1ce9fb3ba89146affc2919ef","false","score_below_min"
"855233","warpcasttopg","0.07","0xf493815e3c6c495152dfed2f39baa861cefd199d","false","score_below_min"
"852495","captainerfeye","0.01","","false","score_below_min"
"747512","erikovich","0.05","0xd17be8b6b30464afa42d454ecb2a271cc1c6c94f","false","score_below_min"
"486557","parkdaeun","0.27","0x2a1944115ea177bde9afe7c83f55d30631c2ff81","false","score_below_min"
"852631","krye","0.02","","false","score_below_min"
"670512","saonni","0","0x3e5a292208c977cdb310eb3ecbcef2ca95facde1","false","score_below_min"
"850966","dewajac","0.01","","false","score_below_min"
"750919","chapathedog","0.04","0xffda8f015c744eacdc3518fa202f1c4de4b45da0","false","score_below_min"
"770977","syntheticox","0.02","0xdeb136ecfa7e8d04d103ddf4d3573fcbdc042fae","false","score_below_min"
"747196","ramzes666","0.03","0xd5d8904570a51d1cb35adb6c1932ed12ccf0a4b0","false","score_below_min"
"853174","immrthomas","0.01","","false","score_below_min"
"781186","juliyaa","0.01","0x88dbaa1079f52550e64a551d4578f2fe858c8c1c","false","score_below_min"
"844062","legacy653","0.02","","false","score_below_min"
"856646","kathfishing","0","","false","score_below_min"
"849813","chieflouie","0.03","","false","score_below_min"
"852622","marcopolio","0.01","","false","score_below_min"
"785920","fusicon","0.14","0xfb2968116129e1207d10b60cbf141bb4349fcc68","false","score_below_min"
"832021","soder","0.21","","false","score_below_min"
"859425","killerkirby","0.03","0x94a92dbc77ba49f6d5536f32c6e27414b21df06e","false","score_below_min"
"844059","wildcat5","0.02","","false","score_below_min"
"481204","begahvili","0.04","0xc35fd5b0fb15c9968f9085e706c579d56c42f4bb","false","score_below_min"
"660657","ponkymeme","0","0x60e675893c9e68902fe98bac1e1bbc3612b2ea57","false","score_below_min"
"750527","klaxxxer","0.09","0x37fdc4a5d521f7bcc27c6adc8a9e4604ec32cb3c","false","score_below_min"
"782711","pogogoli","0.15","0x57d60e0de76011da1941238900b0de1c56634e11","false","score_below_min"
"843979","lunnaria","0.02","","false","score_below_min"
"842403","sullythesavage","0.03","","false","score_below_min"
"755209","jakiri","0.06","0xf5709c7bb48fae83a3956a4ce2308e10f882cc48","false","score_below_min"
"841594","dabster3ktv","0.02","","false","score_below_min"
"838957","kurdivaar","0.03","0x58672d723085e2b93ff8b66eae4562e06065ff93","false","score_below_min"
"843528","grinza","0","0x2f0d564cb40f2a82b73617d977f91ecf1fe42a33","false","score_below_min"
"750847","maybachamg","0.06","0x3e857777f9285154c09efa86a6e1b7860c17560e","false","score_below_min"
"849835","spoleklek","0.03","","false","score_below_min"
"841032","supasit","0.1","","false","score_below_min"
"481223","sheroza","0.02","0x41e5a63d48b9bf2a1f720ff6f9b9e821ade990f1","false","score_below_min"
"842398","deadrise93","0.02","","false","score_below_min"
"746601","darkproject","0.04","0xbc0dd7d360553d0fda484c4ba783d797296c173c","false","score_below_min"
"854416","ragrylorshi9","0.04","","false","score_below_min"
"860877","proto5567","0.03","0xb5a4beaa061a0ba2e8fe3e15294834f228a7838a","false","score_below_min"
"295081","electron","0.8","0xd6f40e3b82f89b6d20ef3b3f873fd9cf41f8abb3","true","eligible"
"842780","coachgrizzly","0.02","","false","score_below_min"
"838994","miqaiaanalysis","0.03","0x5529be8fb0c2195dc42c1654d48e993e85c25c62","false","score_below_min"
"840959","zer0time","0.02","","false","score_below_min"
"842390","rem1gh","0.04","0xa4d6562d90b3602d73ac11ae8d8c3ed90c2fc148","false","score_below_min"
"735581","vorteabond","0.15","0x68c24ccef27ac5504be6a69f07b246d6a94e4522","false","score_below_min"
"842393","commi5os","0.01","0x985afab583d8b0d26cb62d4ac9a4a74a2240cbaa","false","score_below_min"
"755182","valixchat","0.06","0xd2ff20a46223d6e8c5fd123edf9dd1fe3e3048b4","false","score_below_min"
"849777","galaxybals","0.01","","false","score_below_min"
"849793","beefstick","0.01","","false","score_below_min"
"840172","ghostmann","0.04","0xc70bfe8959c369f1146faf21027749fb8bae806f","false","score_below_min"
"841027","all0utw4r","0.02","","false","score_below_min"
"844052","haloracer","0.03","","false","score_below_min"
"818398","goofyrd","0.13","0x8b5e5cc20cbd82154c2b7909404bc5b6af64eeca","false","score_below_min"
"750893","gemfindersol","0.05","0xb0e495e6c222aeeefcbedcac66b2abdb84c2062d","false","score_below_min"
"841307","liontail","0.02","","false","score_below_min"
"850104","thejackal","0.01","","false","score_below_min"
"842402","srrampage66","0.02","","false","score_below_min"
"843851","sunconspiracies","0.04","","false","score_below_min"
"840991","dorimos","0.02","","false","score_below_min"
"849775","daugs2287","0.02","","false","score_below_min"
"849794","coconutman21","0.02","","false","score_below_min"
"843903","doomiverse","0.02","","false","score_below_min"
"838961","asxabm3d3a","0.05","0x99ed1dff888abd1a69666437d27f4de53f3911d5","false","score_below_min"
"840984","metalplant","0.03","","false","score_below_min"
"850108","wienerwank","0.02","","false","score_below_min"
"849849","chefboyardamn","0.01","","false","score_below_min"
"843867","ninjaspawn","0.02","","false","score_below_min"
"843889","pandagamergold","0.02","","false","score_below_min"
"826263","centia","0.15","0x290e689a17ef06ee0b41bd9ae32b7fd05dfc1a72","false","score_below_min"
"844053","womanofjupiter","0.02","","false","score_below_min"
"750548","m0nesy","0.05","0x63a8eb090c84d3c0100fadb5496d6d046e6ac643","false","score_below_min"
"849797","ganjimayne","0.01","","false","score_below_min"
"809945","bl1tz13","0","0x039b736b487dac3287c6484b34036666ce5bf447","false","score_below_min"
"814862","dilmah","0.01","0xfc6534a4226c125e0844c4b4851ea11de6b081f5","false","score_below_min"
"809525","l0g1cal17","0.01","0xc6308311f710b3b584ab51fa747872c1c81df61a","false","score_below_min"
"835194","pisjawn21","0.21","","false","score_below_min"
"808307","tr4nquil20","0.01","0x10d7f47a65807ba0f90eed3fe6f19a8362030ff0","false","score_below_min"
"810761","q1uiver14","0.25","0x692a93bbab06129350f4cd0fb0720c1a09991bc6","false","score_below_min"
"807064","p1lot22","0.04","0x2b17981fcf689d98ffe1c7d20acd73494af8bf77","false","score_below_min"
"665974","deento","0.01","0x4f20aeef8f97cfdec098af4159d6469d4733b201","false","score_below_min"
"854639","richgoat","0.04","0xd5c09f565f32af29d36af81562efdbbf283cffe8","false","score_below_min"
"807053","k1netic14","0.05","0xda6f24268c8452d365693c587a94883c602fc268","false","score_below_min"
"806705","p4rallel12","0.04","0xcde158d0e5efb1707fa74d58ab7ec41b4c6fa25c","false","score_below_min"
"808364","g4mer15","0.4","0x13b902e0cd9af2eb328ad381f841d246cf2b045a","false","score_below_min"
"811960","t4ctical23","0","0x4af6da3939904f05e5371ac81e43e6241e75ea20","false","score_below_min"
"810728","p1nacle23","0.01","0x122ef75540799679cd757f38a5a31e9dd4fc2296","false","score_below_min"
"811558","g4mer19","0.04","0xc704320b23fe5382f1699f3e775d09596e120311","false","score_below_min"
"806853","l1ght11","0.01","0x2dc48d33a6c422ea0f04cb09147a0784bc0ea95b","false","score_below_min"
"805904","q1untum5","0","0x421da5cf665ebe1716ce33920dd37f717d6d69e5","false","score_below_min"
"812141","bl1zz242","0.05","0xbd1345232efa94e542665fef05cbe6630fc3dd54","false","score_below_min"
"807111","q1ntesential","0.01","0x2bae801d9d771b69c25afb2865be0e635634dc86","false","score_below_min"
"860720","nobodyyyy","0.03","0x5f6857a8920bbf3a77e436e71525ad1e2bfb120f","false","score_below_min"
"807035","g4mer13","0.01","0xfc5d953f26a14ad80da8f8d58a7668686551caaa","false","score_below_min"
"803993","v1nyl8","0.24","0x263ead366c4f0c3aae865c9d33348ac5b429284f","false","score_below_min"
"808817","g0dlike23","0","0x67cd597ea9c2190025d99e51147fd1ae9e33a13a","false","score_below_min"
"861413","veriiifyy","0.03","0xbb70b4bf134a2bc3b7ed307a6018fb1cd961705f","false","score_below_min"
"806103","p1erce15","0.05","0xa4ff5b4ec031fff61958dfd0af688c26346b0c36","false","score_below_min"
"804596","bl4st21","0.04","0xfce1aa2b697d9e8e1956e345a0d0dace831e68ad","false","score_below_min"
"809971","bl4de19","0.04","0x4970b00580610d875b4294e37f0381f13218bfad","false","score_below_min"
"807118","c4ptain22","0","0xcf21e0cd09c3d68aa3a1b948859ea4a80bd5b1ac","false","score_below_min"
"809505","bl1tz12","0.38","0xa474986fac3a904bb4e998161b2b5357f88e8b4c","false","score_below_min"
"805477","v4nguard18","0.01","0x20acce6f4261196d526daeb6a3ac7588787ee899","false","score_below_min"
"805881","t0rque13","0.4","0xae484a0dfacbaf2c181b93bb6e51faeb824e687f","false","score_below_min"
"614181","qcacoqcqa","0.34","0x766222fa1fee81ad7b5e2710a1bbdb8509d105c8","false","score_below_min"
"812666","yyds02","0.01","0xd510f422527d159dcdedb035eae6cd9a7c89fc46","false","score_below_min"
"611890","copygamer","0.34","0xd5f37047b217aa12c0a8e5fd7cc7a8e8138172d2","false","score_below_min"
"611993","otateame","0.24","0x24439a0adaa1d5bc8a3baf2044f29c8f7f6cc899","false","score_below_min"
"811911","p1lot98","0.24","0xc65b0d883bad2f0533057bd88ce775bad464c083","false","score_below_min"
"805651","g4lactic12","0","0xba6aa3a49f0ed3af4c3581f74e9c4beaca846311","false","score_below_min"
"806869","bl1zz13","0.01","0x5938f5cb6d5f529b47db89b99a64e1b51f1e3900","false","score_below_min"
"806407","q0rtex17","0.04","0xa403a4fd6081c63e4771140e5203908553e85ebd","false","score_below_min"
"809721","xxbenxxr","0.01","0xf1b60559604133fbe9f71a737e18c69e982ac830","false","score_below_min"
"868802","masonjenkins","0.01","","false","score_below_min"
"809473","basselighter","0.41","0xc82a0b44126a791824a959933dcc45726f87ff99","false","score_below_min"
"862904","ronigod","0.22","0xaa2651ff8e86fbe9d71282d04d5569975b9e4e63","false","score_below_min"
"854253","tigryshi1","0.02","0x352cb3de86e7fa231e8c5b7b3c523aee6572f074","false","score_below_min"
"654137","fixik","0.33","0x47d0a33a5615b00793b4fc005eedd46531c43822","false","score_below_min"
"643568","klepin","0.23","0x3beb3da1d2aa0473bec28153010082700962e005","false","score_below_min"
"868807","avamorris","0.01","","false","score_below_min"
"872777","olegatorsedoy","0.21","0xd5eead816a40b75530ff5781e70e76e889d5f565","false","score_below_min"
"827088","suugiko","0.03","","false","score_below_min"
"850984","plasmahandoku","0.01","","false","score_below_min"
"840611","krefty","0.01","0xb437fb865cf2eacb76d69b9e09ad830f60f471ac","false","score_below_min"
"871921","valyalembet","0.18","0x0c350aedf545c0e2707c587c6a1dde12e8c4bed5","false","score_below_min"
"798448","willeiro","0","0x4fe8ef6dd8fe44d88cccf87f10a86b76d2690be5","false","score_below_min"
"867033","bltcoin","0.24","0x650cadc9671cca23db17dac4722674420859e44d","false","score_below_min"
"809554","bbzcj","0.4","0xda1a976bd9f51ff1ce4fe648fce148c008d0e9d2","false","score_below_min"
"809523","eeedxdf","0.4","0x145afe6159713340853630bb2be88a649c9d3441","false","score_below_min"
"195186","huyanh","0.67","0xa883a59e85fb0bfbc035a8fae73a91a9c6bc36e7","true","eligible"
"861486","alexivanovich","0.2","0xeaae8955f2bab89cecd6a8a2a030a0cd0b7ba83e","false","score_below_min"
"860331","gloopert","0.03","0x5c314ef0cee1ef8ad8214edb9fbe69adf3c39c3a","false","score_below_min"
"222512","allerson","0.43","0x8d39780e3d907b6de0caf46d785ebd4176079c5d","false","score_below_min"
"222476","formsxer","0.44","0x074272f9f5501c2af027a4b67c8cabc4cc79c632","false","score_below_min"
"222439","falopers","0.43","0x598a36166b4a88b4b336363d788a2fc80c668e3f","false","score_below_min"
"861460","minionfucker","0.03","0x08cc79e5a3af04a374f9db6bb2f20366db514a81","false","score_below_min"
"870771","g936512","0.08","0x9c435c00c1c8fab07e316c0ad3e37b3369b01cf4","false","score_below_min"
"870750","saphira","0.17","0x292ac82f34304c74f0b412855de385dd48b30a93","false","score_below_min"
"861410","martin3zy","0.03","0x1984b59b38422675b9a3b723ff05f65e61eab008","false","score_below_min"
"860519","josephratchet","0.03","0xe220c101363209838d03697b1e5242580b460466","false","score_below_min"
"827152","marauder","0.03","","false","score_below_min"
"850209","elitha","0","0x192b2d79c9dda22bba6904aa00b06f1fe26e5609","false","score_below_min"
"856274","elastaboy","0.03","0xe2f7c7ce7e993c5f323162e0c805daeb0843fdd3","false","score_below_min"
"827482","aokaaaaaai","0.04","","false","score_below_min"
"217548","lockweok","0.43","0x5c35215f79327902d0504c18e28d5b9212165a27","false","score_below_min"
"848372","tinybabies","0.03","0xcbdcf360094390f340f4d2d1878b88cde7a03f0a","false","score_below_min"
"846693","denominator0","0.04","0x761c99c4bd53795e317586943168df37a4af5c57","false","score_below_min"
"868661","maksymka","0.2","0xf1ecd01f89339d6880d380d01fb8d05a139760a8","false","score_below_min"
"852520","grimz","0.01","","false","score_below_min"
"780858","foxxy-fox","0.01","0x8d8b953e576b04b3764482bfc240a87e13ff7cb5","false","score_below_min"
"869000","digitaldynamo1dd","0.16","0x91b6015bda99ef825f5ae7ac28383941be499530","false","score_below_min"
"850993","cloakerr","0.01","","false","score_below_min"
"858446","jbob","0.03","0xa4aa6969f562f79f7ad45da84bc753e1fe3666a8","false","score_below_min"